Timestamp,UTC,Callsign,Position,Altitude,Speed,Direction
1698438384,2023-10-27T20:26:24Z,DLH790,"48.358047,11.793932",0,0,174
1698438398,2023-10-27T20:26:38Z,DLH790,"48.357578,11.794022",0,10,174
1698438459,2023-10-27T20:27:39Z,DLH790,"48.354321,11.795513",0,0,129
1698438481,2023-10-27T20:28:01Z,DLH790,"48.353073,11.796147",0,14,174
1698438531,2023-10-27T20:28:51Z,DLH790,"48.349689,11.796733",0,15,174
1698438634,2023-10-27T20:30:34Z,DLH790,"48.348537,11.803978",0,16,84
1698438658,2023-10-27T20:30:58Z,DLH790,"48.347527,11.805569",0,0,168
1698438663,2023-10-27T20:31:03Z,DLH790,"48.347202,11.805602",0,15,171
1698438676,2023-10-27T20:31:16Z,DLH790,"48.346313,11.805676",0,14,182
1698438869,2023-10-27T20:34:29Z,DLH790,"48.344139,11.795811",0,0,264
1698438880,2023-10-27T20:34:40Z,DLH790,"48.343506,11.787696",1800,124,263
1698438893,2023-10-27T20:34:53Z,DLH790,"48.342499,11.774104",1750,144,263
1698438902,2023-10-27T20:35:02Z,DLH790,"48.341705,11.763322",2100,171,264
1698438912,2023-10-27T20:35:12Z,DLH790,"48.340897,11.752273",2650,159,263
1698438920,2023-10-27T20:35:20Z,DLH790,"48.340118,11.743188",3075,156,262
1698438928,2023-10-27T20:35:28Z,DLH790,"48.339378,11.733615",3300,159,263
1698438938,2023-10-27T20:35:38Z,DLH790,"48.338589,11.723496",3450,167,263
1698438947,2023-10-27T20:35:47Z,DLH790,"48.337704,11.712583",3600,176,262
1698438956,2023-10-27T20:35:56Z,DLH790,"48.336731,11.701003",3750,184,262
1698438965,2023-10-27T20:36:05Z,DLH790,"48.335701,11.689381",3900,191,262
1698438974,2023-10-27T20:36:14Z,DLH790,"48.334583,11.676877",4050,202,262
1698438983,2023-10-27T20:36:23Z,DLH790,"48.333466,11.664734",4250,205,262
1698438992,2023-10-27T20:36:32Z,DLH790,"48.332245,11.651072",4450,212,262
1698439001,2023-10-27T20:36:41Z,DLH790,"48.331093,11.637918",4600,220,262
1698439007,2023-10-27T20:36:47Z,DLH790,"48.330322,11.628465",4675,229,263
1698439017,2023-10-27T20:36:57Z,DLH790,"48.329224,11.613464",4775,240,264
1698439025,2023-10-27T20:37:05Z,DLH790,"48.328171,11.598252",5025,244,263
1698439040,2023-10-27T20:37:20Z,DLH790,"48.326523,11.572969",5600,245,264
1698439056,2023-10-27T20:37:36Z,DLH790,"48.325058,11.547053",6325,242,265
1698439071,2023-10-27T20:37:51Z,DLH790,"48.323639,11.522053",6900,243,264
1698439086,2023-10-27T20:38:06Z,DLH790,"48.321991,11.496065",7450,246,264
1698439101,2023-10-27T20:38:21Z,DLH790,"48.32016,11.47029",7950,250,263
1698439113,2023-10-27T20:38:33Z,DLH790,"48.317505,11.450642",8375,250,250
1698439116,2023-10-27T20:38:36Z,DLH790,"48.315914,11.445224",8525,251,243
1698439119,2023-10-27T20:38:39Z,DLH790,"48.313934,11.440148",8650,252,236
1698439122,2023-10-27T20:38:42Z,DLH790,"48.312103,11.436416",8750,254,231
1698439125,2023-10-27T20:38:45Z,DLH790,"48.309444,11.431997",8850,256,225
1698439128,2023-10-27T20:38:48Z,DLH790,"48.306839,11.428457",8950,258,219
1698439131,2023-10-27T20:38:51Z,DLH790,"48.303997,11.425275",9050,261,214
1698439134,2023-10-27T20:38:54Z,DLH790,"48.300739,11.422384",9125,264,208
1698439137,2023-10-27T20:38:57Z,DLH790,"48.297806,11.420288",9200,268,203
1698439140,2023-10-27T20:39:00Z,DLH790,"48.294735,11.418553",9300,271,198
1698439144,2023-10-27T20:39:04Z,DLH790,"48.290127,11.416746",9425,273,192
1698439146,2023-10-27T20:39:06Z,DLH790,"48.286606,11.415992",9500,276,186
1698439149,2023-10-27T20:39:09Z,DLH790,"48.283005,11.415662",9625,279,181
1698439153,2023-10-27T20:39:13Z,DLH790,"48.278442,11.415952",9750,281,175
1698439156,2023-10-27T20:39:16Z,DLH790,"48.274715,11.416675",9850,286,170
1698439159,2023-10-27T20:39:19Z,DLH790,"48.270676,11.418105",9950,289,164
1698439161,2023-10-27T20:39:21Z,DLH790,"48.267471,11.419584",10025,291,160
1698439165,2023-10-27T20:39:25Z,DLH790,"48.263077,11.422331",10125,295,154
1698439168,2023-10-27T20:39:28Z,DLH790,"48.25946,11.425147",10200,299,150
1698439170,2023-10-27T20:39:30Z,DLH790,"48.256516,11.427877",10250,303,146
1698439174,2023-10-27T20:39:34Z,DLH790,"48.252419,11.432431",10300,309,140
1698439176,2023-10-27T20:39:36Z,DLH790,"48.249527,11.436345",10350,312,136
1698439180,2023-10-27T20:39:40Z,DLH790,"48.24646,11.441133",10375,318,131
1698439183,2023-10-27T20:39:43Z,DLH790,"48.243526,11.446453",10425,322,127
1698439186,2023-10-27T20:39:46Z,DLH790,"48.240875,11.452308",10475,326,122
1698439189,2023-10-27T20:39:49Z,DLH790,"48.238544,11.458451",10500,331,117
1698439192,2023-10-27T20:39:52Z,DLH790,"48.236591,11.464811",10550,334,113
1698439195,2023-10-27T20:39:55Z,DLH790,"48.23497,11.471276",10600,338,108
1698439198,2023-10-27T20:39:58Z,DLH790,"48.233917,11.476699",10650,342,104
1698439201,2023-10-27T20:40:01Z,DLH790,"48.232635,11.485267",10700,344,101
1698439204,2023-10-27T20:40:04Z,DLH790,"48.231888,11.492061",10725,347,98
1698439206,2023-10-27T20:40:06Z,DLH790,"48.231377,11.498204",10775,350,96
1698439210,2023-10-27T20:40:10Z,DLH790,"48.230911,11.506805",10825,354,94
1698439213,2023-10-27T20:40:13Z,DLH790,"48.230587,11.514611",10875,356,93
1698439216,2023-10-27T20:40:16Z,DLH790,"48.230354,11.521767",10900,359,92
1698439219,2023-10-27T20:40:19Z,DLH790,"48.230118,11.529165",10950,361,92
1698439222,2023-10-27T20:40:22Z,DLH790,"48.229935,11.536772",11000,364,92
1698439225,2023-10-27T20:40:25Z,DLH790,"48.229748,11.544246",11050,366,92
1698439228,2023-10-27T20:40:28Z,DLH790,"48.229568,11.551983",11100,369,92
1698439243,2023-10-27T20:40:43Z,DLH790,"48.228584,11.590793",11300,381,92
1698439258,2023-10-27T20:40:58Z,DLH790,"48.2276,11.631494",11600,390,92
1698439273,2023-10-27T20:41:13Z,DLH790,"48.226501,11.672622",12125,392,92
1698439306,2023-10-27T20:41:46Z,DLH790,"48.221832,11.763104",13100,398,100
1698439313,2023-10-27T20:41:53Z,DLH790,"48.219505,11.780018",13325,399,102
1698439316,2023-10-27T20:41:56Z,DLH790,"48.21825,11.788403",13400,398,102
1698439319,2023-10-27T20:41:59Z,DLH790,"48.217026,11.79657",13500,400,102
1698439352,2023-10-27T20:42:32Z,DLH790,"48.203632,11.885617",14425,407,102
1698439385,2023-10-27T20:43:05Z,DLH790,"48.190567,11.977774",15350,412,101
1698439416,2023-10-27T20:43:36Z,DLH790,"48.178299,12.064819",16175,419,101
1698439449,2023-10-27T20:44:09Z,DLH790,"48.164715,12.159264",17175,421,102
1698439482,2023-10-27T20:44:42Z,DLH790,"48.150879,12.254425",17975,428,102
1698439514,2023-10-27T20:45:14Z,DLH790,"48.137146,12.348427",18800,432,102
1698439548,2023-10-27T20:45:48Z,DLH790,"48.122864,12.44593",19650,436,102
1698439579,2023-10-27T20:46:19Z,DLH790,"48.10936,12.537598",20425,439,102
1698439612,2023-10-27T20:46:52Z,DLH790,"48.094757,12.635857",21100,446,102
1698439643,2023-10-27T20:47:23Z,DLH790,"48.080887,12.728485",21725,449,102
1698439673,2023-10-27T20:47:53Z,DLH790,"48.066696,12.822899",22375,454,102
1698439704,2023-10-27T20:48:24Z,DLH790,"48.052185,12.918205",22875,461,102
1698439737,2023-10-27T20:48:57Z,DLH790,"48.036789,13.019433",23525,465,102
1698439770,2023-10-27T20:49:30Z,DLH790,"48.020737,13.12468",24175,469,102
1698439804,2023-10-27T20:50:04Z,DLH790,"48.004349,13.231041",24750,476,102
1698439835,2023-10-27T20:50:35Z,DLH790,"47.98912,13.329092",25225,480,102
1698439865,2023-10-27T20:51:05Z,DLH790,"47.973526,13.429096",25800,482,103
1698439897,2023-10-27T20:51:37Z,DLH790,"47.957245,13.532547",26375,486,103
1698439931,2023-10-27T20:52:11Z,DLH790,"47.940334,13.639738",26850,491,103
1698439961,2023-10-27T20:52:41Z,DLH790,"47.923874,13.742661",27400,492,103
1698439995,2023-10-27T20:53:15Z,DLH790,"47.906303,13.852633",27875,495,103
1698440028,2023-10-27T20:53:48Z,DLH790,"47.888535,13.963074",28450,494,103
1698440059,2023-10-27T20:54:19Z,DLH790,"47.871918,14.064903",28900,494,103
1698440091,2023-10-27T20:54:51Z,DLH790,"47.854523,14.171539",29000,496,103
1698440125,2023-10-27T20:55:25Z,DLH790,"47.836212,14.282982",29325,498,103
1698440155,2023-10-27T20:55:55Z,DLH790,"47.819275,14.385429",29700,502,103
1698440188,2023-10-27T20:56:28Z,DLH790,"47.801422,14.492821",30000,504,103
1698440222,2023-10-27T20:57:02Z,DLH790,"47.781876,14.609138",30200,511,104
1698440255,2023-10-27T20:57:35Z,DLH790,"47.762596,14.722666",30375,519,104
1698440285,2023-10-27T20:58:05Z,DLH790,"47.744858,14.827669",30725,520,104
1698440319,2023-10-27T20:58:39Z,DLH790,"47.72525,14.943123",31175,520,104
1698440350,2023-10-27T20:59:10Z,DLH790,"47.706779,15.04965",31425,524,104
1698440383,2023-10-27T20:59:43Z,DLH790,"47.68681,15.165569",31825,524,104
1698440413,2023-10-27T21:00:13Z,DLH790,"47.668488,15.271065",31975,528,104
1698440447,2023-10-27T21:00:47Z,DLH790,"47.647659,15.389663",32125,534,104
1698440480,2023-10-27T21:01:20Z,DLH790,"47.62706,15.506378",32350,538,104
1698440510,2023-10-27T21:01:50Z,DLH790,"47.607605,15.616104",32525,542,104
1698440544,2023-10-27T21:02:24Z,DLH790,"47.585884,15.737634",32700,545,104
1698440575,2023-10-27T21:02:55Z,DLH790,"47.566086,15.847847",33050,545,104
1698440608,2023-10-27T21:03:28Z,DLH790,"47.544357,15.968135",33375,546,104
1698440639,2023-10-27T21:03:59Z,DLH790,"47.523926,16.080139",33750,544,105
1698440673,2023-10-27T21:04:33Z,DLH790,"47.501812,16.200609",33900,546,105
1698440704,2023-10-27T21:05:04Z,DLH790,"47.478859,16.304415",33950,544,109
1698440735,2023-10-27T21:05:35Z,DLH790,"47.451279,16.416801",34050,547,109
1698440766,2023-10-27T21:06:06Z,DLH790,"47.42551,16.525831",34225,550,108
1698440799,2023-10-27T21:06:39Z,DLH790,"47.397858,16.644779",34375,553,108
1698440830,2023-10-27T21:07:10Z,DLH790,"47.371719,16.756828",34525,555,108
1698440863,2023-10-27T21:07:43Z,DLH790,"47.344696,16.871691",34700,556,109
1698440896,2023-10-27T21:08:16Z,DLH790,"47.316719,16.990215",34900,557,109
1698440929,2023-10-27T21:08:49Z,DLH790,"47.288681,17.108116",35000,558,109
1698440962,2023-10-27T21:09:22Z,DLH790,"47.260017,17.227901",35000,559,109
1698440995,2023-10-27T21:09:55Z,DLH790,"47.231667,17.346004",35000,557,109
1698441026,2023-10-27T21:10:26Z,DLH790,"47.206249,17.4515",35000,559,109
1698441058,2023-10-27T21:10:58Z,DLH790,"47.177582,17.569336",35000,558,109
1698441090,2023-10-27T21:11:30Z,DLH790,"47.149841,17.683113",35000,560,109
1698441123,2023-10-27T21:12:03Z,DLH790,"47.120735,17.801867",35000,563,109
1698441157,2023-10-27T21:12:37Z,DLH790,"47.090469,17.9244",35000,565,109
1698441188,2023-10-27T21:13:08Z,DLH790,"47.063007,18.035185",35000,568,109
1698441221,2023-10-27T21:13:41Z,DLH790,"47.032745,18.15683",35000,569,110
1698441251,2023-10-27T21:14:11Z,DLH790,"47.005703,18.264771",35025,568,110
1698441284,2023-10-27T21:14:44Z,DLH790,"46.975616,18.384247",35000,569,110
1698441318,2023-10-27T21:15:18Z,DLH790,"46.945312,18.503929",35000,568,110
1698441351,2023-10-27T21:15:51Z,DLH790,"46.914917,18.623199",35000,571,110
1698441384,2023-10-27T21:16:24Z,DLH790,"46.884476,18.742332",35000,572,110
1698441417,2023-10-27T21:16:57Z,DLH790,"46.853485,18.863258",35000,571,110
1698441447,2023-10-27T21:17:27Z,DLH790,"46.825638,18.970985",35000,571,110
1698441480,2023-10-27T21:18:00Z,DLH790,"46.794617,19.09062",35000,570,110
1698441513,2023-10-27T21:18:33Z,DLH790,"46.763584,19.209251",35000,569,110
1698441547,2023-10-27T21:19:07Z,DLH790,"46.732441,19.32811",35000,570,110
1698441580,2023-10-27T21:19:40Z,DLH790,"46.701065,19.446968",35000,571,111
1698441613,2023-10-27T21:20:13Z,DLH790,"46.669735,19.56514",35000,570,111
1698441643,2023-10-27T21:20:43Z,DLH790,"46.640827,19.673973",35000,569,111
1698441676,2023-10-27T21:21:16Z,DLH790,"46.610241,19.788506",35000,566,111
1698441710,2023-10-27T21:21:50Z,DLH790,"46.577682,19.909637",35000,564,111
1698441740,2023-10-27T21:22:20Z,DLH790,"46.548515,20.017296",35000,565,111
1698441772,2023-10-27T21:22:52Z,DLH790,"46.518173,20.128761",35000,569,111
1698441805,2023-10-27T21:23:25Z,DLH790,"46.485855,20.247528",35000,570,111
1698441837,2023-10-27T21:23:57Z,DLH790,"46.457748,20.350163",35000,566,111
1698441867,2023-10-27T21:24:27Z,DLH790,"46.426315,20.464439",35000,564,111
1698441901,2023-10-27T21:25:01Z,DLH790,"46.393845,20.581881",35000,563,111
1698441934,2023-10-27T21:25:34Z,DLH790,"46.361893,20.696634",35000,563,111
1698441967,2023-10-27T21:26:07Z,DLH790,"46.329533,20.812431",35000,566,112
1698442000,2023-10-27T21:26:40Z,DLH790,"46.296936,20.928553",35000,567,112
1698442033,2023-10-27T21:27:13Z,DLH790,"46.26384,21.045919",35000,569,112
1698442065,2023-10-27T21:27:45Z,DLH790,"46.23317,21.154243",35000,569,112
1698442097,2023-10-27T21:28:17Z,DLH790,"46.201904,21.264038",35000,569,112
1698442127,2023-10-27T21:28:47Z,DLH790,"46.17041,21.374437",35000,568,112
1698442160,2023-10-27T21:29:20Z,DLH790,"46.137772,21.488186",35000,566,112
1698442194,2023-10-27T21:29:54Z,DLH790,"46.103287,21.607567",35000,567,112
1698442223,2023-10-27T21:30:23Z,DLH790,"46.074097,21.708113",35000,568,112
1698442257,2023-10-27T21:30:57Z,DLH790,"46.041046,21.821663",35000,571,112
1698442288,2023-10-27T21:31:28Z,DLH790,"46.008041,21.934479",35000,572,112
1698442318,2023-10-27T21:31:58Z,DLH790,"45.976711,22.041389",35000,575,112
1698442350,2023-10-27T21:32:30Z,DLH790,"45.943176,22.154734",35000,575,113
1698442384,2023-10-27T21:33:04Z,DLH790,"45.90834,22.2721",35000,578,113
1698442417,2023-10-27T21:33:37Z,DLH790,"45.873322,22.389801",35025,580,113
1698442447,2023-10-27T21:34:07Z,DLH790,"45.841293,22.496979",35000,581,113
1698442480,2023-10-27T21:34:40Z,DLH790,"45.806656,22.612404",35000,580,113
1698442514,2023-10-27T21:35:14Z,DLH790,"45.771332,22.729305",35000,580,113
1698442547,2023-10-27T21:35:47Z,DLH790,"45.737015,22.842293",35000,359,113
1698442579,2023-10-27T21:36:19Z,DLH790,"45.70089,22.960876",35000,581,113
1698442610,2023-10-27T21:36:50Z,DLH790,"45.668026,23.068336",35000,583,113
1698442641,2023-10-27T21:37:21Z,DLH790,"45.634087,23.178474",35000,586,113
1698442675,2023-10-27T21:37:55Z,DLH790,"45.598801,23.293226",35000,581,113
1698442706,2023-10-27T21:38:26Z,DLH790,"45.563324,23.407644",35000,578,113
1698442736,2023-10-27T21:38:56Z,DLH790,"45.530647,23.51235",34975,584,114
1698442770,2023-10-27T21:39:30Z,DLH790,"45.493469,23.630938",35000,583,114
1698442801,2023-10-27T21:40:01Z,DLH790,"45.459915,23.738054",35000,581,114
1698442833,2023-10-27T21:40:33Z,DLH790,"45.424393,23.850729",35025,577,114
1698442864,2023-10-27T21:41:04Z,DLH790,"45.390427,23.957781",35000,576,114
1698442898,2023-10-27T21:41:38Z,DLH790,"45.352478,24.072222",35000,570,116
1698442931,2023-10-27T21:42:11Z,DLH790,"45.312504,24.181042",35000,569,117
1698442961,2023-10-27T21:42:41Z,DLH790,"45.275848,24.281813",35000,572,117
1698442994,2023-10-27T21:43:14Z,DLH790,"45.236801,24.390696",35000,572,116
1698443027,2023-10-27T21:43:47Z,DLH790,"45.197475,24.500114",35000,572,117
1698443057,2023-10-27T21:44:17Z,DLH790,"45.160492,24.602444",35000,572,117
1698443090,2023-10-27T21:44:50Z,DLH790,"45.120392,24.713026",35000,571,117
1698443124,2023-10-27T21:45:24Z,DLH790,"45.079926,24.824066",35000,570,117
1698443155,2023-10-27T21:45:55Z,DLH790,"45.042873,24.925232",35000,569,117
1698443188,2023-10-27T21:46:28Z,DLH790,"45.002281,25.035564",35000,571,117
1698443221,2023-10-27T21:47:01Z,DLH790,"44.962013,25.144825",35000,572,117
1698443255,2023-10-27T21:47:35Z,DLH790,"44.920906,25.255894",35000,572,117
1698443285,2023-10-27T21:48:05Z,DLH790,"44.883621,25.356312",35000,571,117
1698443319,2023-10-27T21:48:39Z,DLH790,"44.842346,25.466963",35000,570,117
1698443351,2023-10-27T21:49:11Z,DLH790,"44.802704,25.572771",35000,568,117
1698443385,2023-10-27T21:49:45Z,DLH790,"44.761791,25.68148",35000,567,117
1698443417,2023-10-27T21:50:17Z,DLH790,"44.721359,25.788574",35000,567,117
1698443451,2023-10-27T21:50:51Z,DLH790,"44.681076,25.894972",35000,566,117
1698443484,2023-10-27T21:51:24Z,DLH790,"44.639313,26.004572",35000,566,118
1698443514,2023-10-27T21:51:54Z,DLH790,"44.602303,26.101505",35000,564,118
1698443548,2023-10-27T21:52:28Z,DLH790,"44.562057,26.206774",35000,561,118
1698443580,2023-10-27T21:53:00Z,DLH790,"44.523117,26.307901",35000,561,118
1698443611,2023-10-27T21:53:31Z,DLH790,"44.483875,26.409325",35175,560,118
1698443644,2023-10-27T21:54:04Z,DLH790,"44.442677,26.51577",35450,560,118
1698443675,2023-10-27T21:54:35Z,DLH790,"44.404781,26.613108",35700,560,118
1698443707,2023-10-27T21:55:07Z,DLH790,"44.364189,26.717342",36125,556,118
1698443741,2023-10-27T21:55:41Z,DLH790,"44.323334,26.821486",36375,556,118
1698443773,2023-10-27T21:56:13Z,DLH790,"44.283142,26.923502",36625,556,118
1698443807,2023-10-27T21:56:47Z,DLH790,"44.242317,27.027103",36775,555,118
1698443840,2023-10-27T21:57:20Z,DLH790,"44.20042,27.132748",36925,556,118
1698443870,2023-10-27T21:57:50Z,DLH790,"44.162712,27.227522",37000,559,119
1698443904,2023-10-27T21:58:24Z,DLH790,"44.12035,27.333591",37000,561,119
1698443937,2023-10-27T21:58:57Z,DLH790,"44.078545,27.438028",37000,562,119
1698443968,2023-10-27T21:59:28Z,DLH790,"44.038971,27.536465",37000,562,119
1698444001,2023-10-27T22:00:01Z,DLH790,"43.996857,27.6409",37000,560,119
1698444035,2023-10-27T22:00:35Z,DLH790,"43.955383,27.743481",37000,559,119
1698444068,2023-10-27T22:01:08Z,DLH790,"43.91304,27.847658",37000,557,119
1698444101,2023-10-27T22:01:41Z,DLH790,"43.870644,27.951572",37000,559,119
1698444131,2023-10-27T22:02:11Z,DLH790,"43.832199,28.045349",37000,559,119
1698444163,2023-10-27T22:02:43Z,DLH790,"43.791645,28.144291",37000,556,119
1698444195,2023-10-27T22:03:15Z,DLH790,"43.751358,28.242208",37025,553,119
1698444228,2023-10-27T22:03:48Z,DLH790,"43.709385,28.343485",37025,555,119
1698444261,2023-10-27T22:04:21Z,DLH790,"43.668182,28.442774",37000,555,119
1698444291,2023-10-27T22:04:51Z,DLH790,"43.628712,28.537642",37000,557,119
1698444325,2023-10-27T22:05:25Z,DLH790,"43.585739,28.640335",37025,557,119
1698444358,2023-10-27T22:05:58Z,DLH790,"43.542637,28.743242",37000,556,119
1698444391,2023-10-27T22:06:31Z,DLH790,"43.500599,28.843166",37000,556,120
1698444425,2023-10-27T22:07:05Z,DLH790,"43.456512,28.947441",37000,557,120
1698444456,2023-10-27T22:07:36Z,DLH790,"43.416294,29.04249",37000,557,120
1698444487,2023-10-27T22:08:07Z,DLH790,"43.376163,29.136854",37000,557,120
1698444517,2023-10-27T22:08:37Z,DLH790,"43.336502,29.22978",37000,557,120
1698444550,2023-10-27T22:09:10Z,DLH790,"43.294048,29.32905",37000,556,120
1698444583,2023-10-27T22:09:43Z,DLH790,"43.250984,29.429234",37000,555,120
1698444613,2023-10-27T22:10:13Z,DLH790,"43.211563,29.520838",37000,555,120
1698444647,2023-10-27T22:10:47Z,DLH790,"43.167843,29.622084",37000,554,120
1698444680,2023-10-27T22:11:20Z,DLH790,"43.125156,29.720371",37000,554,120
1698444712,2023-10-27T22:11:52Z,DLH790,"43.082466,29.818529",37000,553,120
1698444745,2023-10-27T22:12:25Z,DLH790,"43.038986,29.918125",37000,552,120
1698444779,2023-10-27T22:12:59Z,DLH790,"42.99527,30.017969",37000,551,120
1698444811,2023-10-27T22:13:31Z,DLH790,"42.953285,30.113394",37000,550,120
1698444844,2023-10-27T22:14:04Z,DLH790,"42.909576,30.212402",37000,549,121
1698444874,2023-10-27T22:14:34Z,DLH790,"42.870327,30.301144",37000,548,121
1698444908,2023-10-27T22:15:08Z,DLH790,"42.826336,30.400347",37000,548,120
1698444941,2023-10-27T22:15:41Z,DLH790,"42.786621,30.502291",37000,553,114
1698444972,2023-10-27T22:16:12Z,DLH790,"42.757416,30.600107",37000,556,109
1698445005,2023-10-27T22:16:45Z,DLH790,"42.732628,30.71113",37000,558,104
1698445035,2023-10-27T22:17:15Z,DLH790,"42.716751,30.816778",37000,557,98
1698445069,2023-10-27T22:17:49Z,DLH790,"42.705208,30.931496",37000,557,97
1698445104,2023-10-27T22:18:24Z,DLH790,"42.693375,31.043806",37000,557,98
1698445141,2023-10-27T22:19:01Z,DLH790,"42.67886,31.180412",37000,557,98
1698445175,2023-10-27T22:19:35Z,DLH790,"42.666229,31.300112",37000,556,98
1698445206,2023-10-27T22:20:06Z,DLH790,"42.655746,31.398176",37000,554,98
1698445240,2023-10-27T22:20:40Z,DLH790,"42.642242,31.523209",37000,553,98
1698445275,2023-10-27T22:21:15Z,DLH790,"42.629425,31.641249",37000,554,98
1698445306,2023-10-27T22:21:46Z,DLH790,"42.617271,31.751255",37000,555,98
1698445342,2023-10-27T22:22:22Z,DLH790,"42.604385,31.867405",37000,556,98
1698445374,2023-10-27T22:22:54Z,DLH790,"42.591572,31.981968",37000,556,98
1698445405,2023-10-27T22:23:25Z,DLH790,"42.579937,32.085125",37000,555,98
1698445436,2023-10-27T22:23:56Z,DLH790,"42.567307,32.197433",37000,554,98
1698445450,2023-10-27T22:24:10Z,DLH790,"42.561813,32.244873",37000,554,98
1698445512,2023-10-27T22:25:12Z,DLH790,"42.537666,32.452911",37000,552,98
1698445518,2023-10-27T22:25:18Z,DLH790,"42.534874,32.476673",37000,552,98
1698445645,2023-10-27T22:27:25Z,DLH790,"42.483627,32.907047",37000,550,99
1698445683,2023-10-27T22:28:03Z,DLH790,"42.467743,33.037998",37000,547,99
1698445720,2023-10-27T22:28:40Z,DLH790,"42.45229,33.163445",37000,548,99
1698445850,2023-10-27T22:30:50Z,DLH790,"42.3983,33.593945",37000,545,99
1698445882,2023-10-27T22:31:22Z,DLH790,"42.383762,33.708099",37025,540,99
1698445917,2023-10-27T22:31:57Z,DLH790,"42.369427,33.819496",37000,538,99
1698445948,2023-10-27T22:32:28Z,DLH790,"42.35582,33.925468",37000,540,99
1698445980,2023-10-27T22:33:00Z,DLH790,"42.342499,34.029091",37000,541,99
1698446012,2023-10-27T22:33:32Z,DLH790,"42.328648,34.135353",37000,542,100
1698446032,2023-10-27T22:33:52Z,DLH790,"42.319611,34.20406",37000,543,99
1698446094,2023-10-27T22:34:54Z,DLH790,"42.292244,34.411095",37000,544,100
1698446096,2023-10-27T22:34:56Z,DLH790,"42.291824,34.414047",37000,544,100
1698446158,2023-10-27T22:35:58Z,DLH790,"42.263672,34.622726",37000,542,100
1698447553,2023-10-27T22:59:13Z,DLH790,"41.293926,38.931889",37000,544,113
1698448965,2023-10-27T23:22:45Z,DLH790,"39.718555,42.921696",37000,520,120
1698449020,2023-10-27T23:23:40Z,DLH790,"39.613281,43.131214",37000,516,110
1698449077,2023-10-27T23:24:37Z,DLH790,"39.557747,43.301571",37000,516,111
1698449121,2023-10-27T23:25:21Z,DLH790,"39.510002,43.473259",37000,514,111
1698449153,2023-10-27T23:25:53Z,DLH790,"39.479565,43.577499",37000,514,111
1698449188,2023-10-27T23:26:28Z,DLH790,"39.448719,43.681477",37000,515,111
1698449231,2023-10-27T23:27:11Z,DLH790,"39.390362,43.869568",37000,516,111
1698449264,2023-10-27T23:27:44Z,DLH790,"39.360523,43.966553",37000,514,111
1698449298,2023-10-27T23:28:18Z,DLH790,"39.331429,44.060913",37000,513,111
1698449331,2023-10-27T23:28:51Z,DLH790,"39.302006,44.154297",37025,514,113
1698449364,2023-10-27T23:29:24Z,DLH790,"39.269714,44.249886",37000,516,113
1698449395,2023-10-27T23:29:55Z,DLH790,"39.241104,44.335209",37025,516,113
1698449427,2023-10-27T23:30:27Z,DLH790,"39.21151,44.423645",37000,515,113
1698449460,2023-10-27T23:31:00Z,DLH790,"39.179489,44.519646",37000,514,113
1698449491,2023-10-27T23:31:31Z,DLH790,"39.150146,44.6073",37000,518,113
1698449522,2023-10-27T23:32:02Z,DLH790,"39.120575,44.695011",37000,522,113
1698449556,2023-10-27T23:32:36Z,DLH790,"39.088146,44.790955",37000,526,113
1698449586,2023-10-27T23:33:06Z,DLH790,"39.059097,44.876762",37025,529,113
1698449617,2023-10-27T23:33:37Z,DLH790,"39.029022,44.96537",37000,531,113
1698449651,2023-10-27T23:34:11Z,DLH790,"38.994854,45.065552",37000,530,113
1698449681,2023-10-27T23:34:41Z,DLH790,"38.965302,45.152138",37000,532,113
1698449715,2023-10-27T23:35:15Z,DLH790,"38.932056,45.248901",37000,531,113
1698449745,2023-10-27T23:35:45Z,DLH790,"38.901947,45.335979",37000,534,113
1698449778,2023-10-27T23:36:18Z,DLH790,"38.868256,45.432587",37000,534,114
1698449809,2023-10-27T23:36:49Z,DLH790,"38.83746,45.520752",37000,534,114
1698449843,2023-10-27T23:37:23Z,DLH790,"38.803478,45.61792",37000,537,113
1698449876,2023-10-27T23:37:56Z,DLH790,"38.769608,45.71447",37000,536,114
1698449907,2023-10-27T23:38:27Z,DLH790,"38.738304,45.803528",37000,536,114
1698449940,2023-10-27T23:39:00Z,DLH790,"38.704601,45.900146",37025,538,113
1698449973,2023-10-27T23:39:33Z,DLH790,"38.67128,45.996532",37000,536,113
1698450007,2023-10-27T23:40:07Z,DLH790,"38.637611,46.09314",37000,534,113
1698450040,2023-10-27T23:40:40Z,DLH790,"38.60405,46.188965",37000,536,114
1698450071,2023-10-27T23:41:11Z,DLH790,"38.572952,46.27734",37025,538,114
1698450104,2023-10-27T23:41:44Z,DLH790,"38.539078,46.373531",37000,540,114
1698450135,2023-10-27T23:42:15Z,DLH790,"38.507778,46.462158",37000,538,114
1698450168,2023-10-27T23:42:48Z,DLH790,"38.47319,46.559631",37000,538,114
1698450201,2023-10-27T23:43:21Z,DLH790,"38.438881,46.655396",37000,540,114
1698450232,2023-10-27T23:43:52Z,DLH790,"38.405731,46.745071",37000,544,115
1698450266,2023-10-27T23:44:26Z,DLH790,"38.369984,46.841644",37000,545,115
1698450299,2023-10-27T23:44:59Z,DLH790,"38.334229,46.938328",37000,543,115
1698450330,2023-10-27T23:45:30Z,DLH790,"38.302368,47.026394",37000,542,114
1698450363,2023-10-27T23:46:03Z,DLH790,"38.267258,47.124275",37000,544,114
1698450396,2023-10-27T23:46:36Z,DLH790,"38.232563,47.220192",37000,545,114
1698450430,2023-10-27T23:47:10Z,DLH790,"38.196487,47.319168",37000,542,114
1698450463,2023-10-27T23:47:43Z,DLH790,"38.162128,47.413231",37000,540,114
1698450497,2023-10-27T23:48:17Z,DLH790,"38.126701,47.509777",37000,541,114
1698450530,2023-10-27T23:48:50Z,DLH790,"38.091461,47.60561",37000,540,115
1698450563,2023-10-27T23:49:23Z,DLH790,"38.057098,47.698837",37025,539,114
1698450595,2023-10-27T23:49:55Z,DLH790,"38.022583,47.792282",37000,540,115
1698450626,2023-10-27T23:50:26Z,DLH790,"37.989513,47.881523",37000,539,115
1698450658,2023-10-27T23:50:58Z,DLH790,"37.955658,47.972446",37000,538,115
1698450691,2023-10-27T23:51:31Z,DLH790,"37.920685,48.06612",37000,536,115
1698450723,2023-10-27T23:52:03Z,DLH790,"37.886864,48.156361",37000,533,115
1698450757,2023-10-27T23:52:37Z,DLH790,"37.851974,48.249382",37000,531,115
1698450789,2023-10-27T23:53:09Z,DLH790,"37.817734,48.340195",37000,531,115
1698450821,2023-10-27T23:53:41Z,DLH790,"37.783707,48.430363",37000,530,115
1698450853,2023-10-27T23:54:13Z,DLH790,"37.750168,48.518898",37000,532,115
1698450883,2023-10-27T23:54:43Z,DLH790,"37.717693,48.60429",37025,532,115
1698450916,2023-10-27T23:55:16Z,DLH790,"37.682739,48.695965",37000,534,115
1698450950,2023-10-27T23:55:50Z,DLH790,"37.646164,48.791393",36975,537,115
1698450980,2023-10-27T23:56:20Z,DLH790,"37.613602,48.87656",37025,536,115
1698451013,2023-10-27T23:56:53Z,DLH790,"37.578049,48.969219",37025,534,115
1698451045,2023-10-27T23:57:25Z,DLH790,"37.543533,49.058689",37000,533,115
1698451078,2023-10-27T23:57:58Z,DLH790,"37.507931,49.150623",37000,534,115
1698451109,2023-10-27T23:58:29Z,DLH790,"37.474785,49.236065",37000,534,115
1698451140,2023-10-27T23:59:00Z,DLH790,"37.44072,49.323589",37000,535,116
1698451174,2023-10-27T23:59:34Z,DLH790,"37.404583,49.416264",37000,536,116
1698451207,2023-10-28T00:00:07Z,DLH790,"37.368118,49.509537",37000,538,116
1698451237,2023-10-28T00:00:37Z,DLH790,"37.334988,49.593956",37000,538,116
1698451270,2023-10-28T00:01:10Z,DLH790,"37.298309,49.687248",37000,538,116
1698451303,2023-10-28T00:01:43Z,DLH790,"37.262321,49.779411",37000,538,116
1698451337,2023-10-28T00:02:17Z,DLH790,"37.225845,49.872204",37000,536,116
1698451368,2023-10-28T00:02:48Z,DLH790,"37.191608,49.959072",37000,534,116
1698451399,2023-10-28T00:03:19Z,DLH790,"37.157867,50.044418",37000,534,116
1698451430,2023-10-28T00:03:50Z,DLH790,"37.124012,50.12978",37000,535,116
1698451461,2023-10-28T00:04:21Z,DLH790,"37.0891,50.217491",37000,534,116
1698451492,2023-10-28T00:04:52Z,DLH790,"37.055256,50.302216",37000,533,116
1698451524,2023-10-28T00:05:24Z,DLH790,"37.020493,50.389202",37000,533,116
1698451554,2023-10-28T00:05:54Z,DLH790,"36.987057,50.472744",37000,532,116
1698451585,2023-10-28T00:06:25Z,DLH790,"36.952744,50.558205",37000,531,116
1698451616,2023-10-28T00:06:56Z,DLH790,"36.918594,50.643173",37000,528,116
1698451648,2023-10-28T00:07:28Z,DLH790,"36.88818,50.72913",37000,530,110
1698451678,2023-10-28T00:07:58Z,DLH790,"36.861465,50.818665",37025,529,110
1698451713,2023-10-28T00:08:33Z,DLH790,"36.831482,50.915794",37000,529,111
1698451743,2023-10-28T00:09:03Z,DLH790,"36.804199,51.003559",37000,530,111
1698451775,2023-10-28T00:09:35Z,DLH790,"36.776321,51.093807",37000,530,110
1698451806,2023-10-28T00:10:06Z,DLH790,"36.749313,51.182205",37000,530,110
1698451838,2023-10-28T00:10:38Z,DLH790,"36.720779,51.275997",37000,529,110
1698451872,2023-10-28T00:11:12Z,DLH790,"36.691124,51.37254",37000,530,110
1698451908,2023-10-28T00:11:48Z,DLH790,"36.659885,51.474045",37000,532,110
1698451940,2023-10-28T00:12:20Z,DLH790,"36.631897,51.563988",37000,533,111
1698451973,2023-10-28T00:12:53Z,DLH790,"36.602005,51.65926",37000,532,111
1698452005,2023-10-28T00:13:25Z,DLH790,"36.574081,51.74818",37000,531,111
1698452037,2023-10-28T00:13:57Z,DLH790,"36.545601,51.83852",37000,531,111
1698452067,2023-10-28T00:14:27Z,DLH790,"36.518326,51.924992",37000,531,111
1698452103,2023-10-28T00:15:03Z,DLH790,"36.48555,52.028389",37000,532,111
1698452135,2023-10-28T00:15:35Z,DLH790,"36.457432,52.116745",37000,532,111
1698452168,2023-10-28T00:16:08Z,DLH790,"36.427231,52.211494",37000,531,111
1698452201,2023-10-28T00:16:41Z,DLH790,"36.397007,52.305908",37000,532,111
1698452232,2023-10-28T00:17:12Z,DLH790,"36.368683,52.394142",37000,532,111
1698452267,2023-10-28T00:17:47Z,DLH790,"36.337559,52.490864",37000,534,111
1698452296,2023-10-28T00:18:16Z,DLH790,"36.310089,52.575874",37000,533,111
1698452329,2023-10-28T00:18:49Z,DLH790,"36.280254,52.668049",37000,531,111
1698452363,2023-10-28T00:19:23Z,DLH790,"36.249298,52.763359",37000,531,111
1698452394,2023-10-28T00:19:54Z,DLH790,"36.220947,52.850201",37000,533,112
1698452424,2023-10-28T00:20:24Z,DLH790,"36.192627,52.936649",37000,535,112
1698452456,2023-10-28T00:20:56Z,DLH790,"36.164932,53.020763",37000,533,113
1698452490,2023-10-28T00:21:30Z,DLH790,"36.127842,53.118195",37000,531,115
1698452523,2023-10-28T00:22:03Z,DLH790,"36.092331,53.209763",37000,530,115
1698452553,2023-10-28T00:22:33Z,DLH790,"36.060287,53.292789",37000,530,115
1698452587,2023-10-28T00:23:07Z,DLH790,"36.025131,53.383484",37000,532,115
1698452618,2023-10-28T00:23:38Z,DLH790,"35.992172,53.468113",37000,532,115
1698452648,2023-10-28T00:24:08Z,DLH790,"35.960159,53.550053",37000,533,115
1698452679,2023-10-28T00:24:39Z,DLH790,"35.926315,53.636597",37000,533,115
1698452713,2023-10-28T00:25:13Z,DLH790,"35.89024,53.72858",37000,533,115
1698452744,2023-10-28T00:25:44Z,DLH790,"35.856262,53.814869",37000,532,115
1698452775,2023-10-28T00:26:15Z,DLH790,"35.823345,53.898399",37000,531,115
1698452806,2023-10-28T00:26:46Z,DLH790,"35.790569,53.981148",37000,531,115
1698452838,2023-10-28T00:27:18Z,DLH790,"35.755562,54.069508",37000,532,115
1698452870,2023-10-28T00:27:50Z,DLH790,"35.720947,54.156418",37000,533,116
1698452902,2023-10-28T00:28:22Z,DLH790,"35.691467,54.230461",37000,532,116
1698452937,2023-10-28T00:28:57Z,DLH790,"35.650497,54.333057",37000,531,116
1698452967,2023-10-28T00:29:27Z,DLH790,"35.616837,54.417213",37000,531,116
1698453000,2023-10-28T00:30:00Z,DLH790,"35.578014,54.505627",37000,529,121
1698453037,2023-10-28T00:30:37Z,DLH790,"35.526077,54.5965",37000,527,128
1698453066,2023-10-28T00:31:06Z,DLH790,"35.479649,54.662357",37000,82,132
1698453100,2023-10-28T00:31:40Z,DLH790,"35.420898,54.73114",37000,519,139
1698453133,2023-10-28T00:32:13Z,DLH790,"35.359077,54.792557",37000,518,141
1698453165,2023-10-28T00:32:45Z,DLH790,"35.299072,54.852505",37000,520,140
1698453198,2023-10-28T00:33:18Z,DLH790,"35.239517,54.911842",37000,519,140
1698453229,2023-10-28T00:33:49Z,DLH790,"35.179947,54.970894",37000,520,140
1698453261,2023-10-28T00:34:21Z,DLH790,"35.12114,55.02895",37000,522,140
1698453263,2023-10-28T00:34:23Z,DLH790,"35.116306,55.033665",37000,522,140
1698453323,2023-10-28T00:35:23Z,DLH790,"35.004135,55.144135",37000,523,141
1698453354,2023-10-28T00:35:54Z,DLH790,"34.946045,55.201256",37000,524,141
1698453384,2023-10-28T00:36:24Z,DLH790,"34.888092,55.258091",37000,523,141
1698453415,2023-10-28T00:36:55Z,DLH790,"34.829819,55.315208",37000,521,141
1698453465,2023-10-28T00:37:45Z,DLH790,"34.777035,55.366859",37000,520,141
1698453534,2023-10-28T00:38:54Z,DLH790,"34.609539,55.530167",37000,515,141
1698453766,2023-10-28T00:42:46Z,DLH790,"34.172287,55.952362",37000,515,141
1698454506,2023-10-28T00:55:06Z,DLH790,"32.786228,57.293476",37000,522,139
1698454636,2023-10-28T00:57:16Z,DLH790,"32.549046,57.530972",37000,525,139
1698454672,2023-10-28T00:57:52Z,DLH790,"32.47879,57.60099",37000,525,139
1698454740,2023-10-28T00:59:00Z,DLH790,"32.354279,57.724751",37000,525,139
1698454770,2023-10-28T00:59:30Z,DLH790,"32.294544,57.783882",37000,525,139
1698454802,2023-10-28T01:00:02Z,DLH790,"32.236084,57.841755",37000,524,140
1698454832,2023-10-28T01:00:32Z,DLH790,"32.178452,57.898609",37000,524,140
1698454863,2023-10-28T01:01:03Z,DLH790,"32.120998,57.955235",37000,524,140
1698454895,2023-10-28T01:01:35Z,DLH790,"32.062317,58.01292",37000,523,140
1698454924,2023-10-28T01:02:04Z,DLH790,"32.007706,58.066536",37000,523,140
1698454956,2023-10-28T01:02:36Z,DLH790,"31.947683,58.125355",37000,523,140
1698454987,2023-10-28T01:03:07Z,DLH790,"31.89131,58.180511",37000,524,140
1698455019,2023-10-28T01:03:39Z,DLH790,"31.8311,58.239296",37000,525,140
1698455052,2023-10-28T01:04:12Z,DLH790,"31.769436,58.299446",37000,526,140
1698455083,2023-10-28T01:04:43Z,DLH790,"31.710297,58.356953",37000,526,140
1698455117,2023-10-28T01:05:17Z,DLH790,"31.646816,58.418648",37000,526,140
1698455148,2023-10-28T01:05:48Z,DLH790,"31.589186,58.47451",37000,525,140
1698455179,2023-10-28T01:06:19Z,DLH790,"31.530483,58.531364",37000,524,140
1698455211,2023-10-28T01:06:51Z,DLH790,"31.471781,58.588112",37000,524,140
1698455242,2023-10-28T01:07:22Z,DLH790,"31.413729,58.644085",37000,525,140
1698455272,2023-10-28T01:07:52Z,DLH790,"31.355988,58.699738",37000,525,140
1698455304,2023-10-28T01:08:24Z,DLH790,"31.29693,58.756531",37000,523,140
1698455334,2023-10-28T01:08:54Z,DLH790,"31.240416,58.810749",37000,522,140
1698455366,2023-10-28T01:09:26Z,DLH790,"31.181293,58.867439",37000,520,140
1698455397,2023-10-28T01:09:57Z,DLH790,"31.124176,58.9221",37000,519,140
1698455428,2023-10-28T01:10:28Z,DLH790,"31.066124,58.97752",37000,520,140
1698455459,2023-10-28T01:10:59Z,DLH790,"31.008957,59.032127",37000,520,140
1698455490,2023-10-28T01:11:30Z,DLH790,"30.950317,59.087975",37000,522,140
1698455520,2023-10-28T01:12:00Z,DLH790,"30.894058,59.141396",37000,520,140
1698455552,2023-10-28T01:12:32Z,DLH790,"30.835644,59.196861",37000,519,140
1698455582,2023-10-28T01:13:02Z,DLH790,"30.778757,59.250751",37000,518,140
1698455613,2023-10-28T01:13:33Z,DLH790,"30.720795,59.305599",37000,520,140
1698455647,2023-10-28T01:14:07Z,DLH790,"30.659317,59.363708",37000,520,140
1698455677,2023-10-28T01:14:37Z,DLH790,"30.601067,59.418678",37000,521,140
1698455709,2023-10-28T01:15:09Z,DLH790,"30.541672,59.474594",37050,521,140
1698455743,2023-10-28T01:15:43Z,DLH790,"30.478821,59.533649",37225,520,140
1698455774,2023-10-28T01:16:14Z,DLH790,"30.420631,59.588306",37400,520,140
1698455805,2023-10-28T01:16:45Z,DLH790,"30.363327,59.641975",37675,518,140
1698455836,2023-10-28T01:17:16Z,DLH790,"30.306578,59.695038",37900,518,141
1698455867,2023-10-28T01:17:47Z,DLH790,"30.246368,59.751301",38125,518,141
1698455898,2023-10-28T01:18:18Z,DLH790,"30.188568,59.805176",38325,518,141
1698455930,2023-10-28T01:18:50Z,DLH790,"30.129074,59.860546",38550,518,141
1698455961,2023-10-28T01:19:21Z,DLH790,"30.070953,59.914585",38750,517,141
1698455993,2023-10-28T01:19:53Z,DLH790,"30.0126,59.968708",38925,517,141
1698456025,2023-10-28T01:20:25Z,DLH790,"29.952438,60.024395",39000,519,141
1698456056,2023-10-28T01:20:56Z,DLH790,"29.893707,60.078629",39000,519,141
1698456088,2023-10-28T01:21:28Z,DLH790,"29.834198,60.13356",39000,520,141
1698456119,2023-10-28T01:21:59Z,DLH790,"29.775101,60.188019",39000,520,141
1698456151,2023-10-28T01:22:31Z,DLH790,"29.716324,60.242157",39000,520,141
1698456182,2023-10-28T01:23:02Z,DLH790,"29.65892,60.294868",39000,521,141
1698456213,2023-10-28T01:23:33Z,DLH790,"29.599262,60.349518",39000,522,141
1698456244,2023-10-28T01:24:04Z,DLH790,"29.537907,60.402508",39000,525,144
1698456276,2023-10-28T01:24:36Z,DLH790,"29.476179,60.452808",39000,526,144
1698456307,2023-10-28T01:25:07Z,DLH790,"29.414108,60.504295",39000,528,143
1698456338,2023-10-28T01:25:38Z,DLH790,"29.351652,60.556641",39000,530,143
1698456370,2023-10-28T01:26:10Z,DLH790,"29.288498,60.609619",39000,530,143
1698456401,2023-10-28T01:26:41Z,DLH790,"29.227449,60.660797",39000,530,143
1698456432,2023-10-28T01:27:12Z,DLH790,"29.166779,60.711613",39000,530,143
1698456465,2023-10-28T01:27:45Z,DLH790,"29.101248,60.76635",39000,530,143
1698456495,2023-10-28T01:28:15Z,DLH790,"29.041147,60.81649",39000,530,143
1698456529,2023-10-28T01:28:49Z,DLH790,"28.974564,60.873131",39000,529,141
1698456562,2023-10-28T01:29:22Z,DLH790,"28.912338,60.932762",39000,529,139
1698456592,2023-10-28T01:29:52Z,DLH790,"28.855404,60.986725",39000,522,140
1698456626,2023-10-28T01:30:26Z,DLH790,"28.793489,61.045208",39000,518,140
1698456656,2023-10-28T01:30:56Z,DLH790,"28.738083,61.09761",39000,517,140
1698456690,2023-10-28T01:31:30Z,DLH790,"28.675919,61.156292",39000,516,140
1698456723,2023-10-28T01:32:03Z,DLH790,"28.614079,61.214634",39000,518,140
1698456754,2023-10-28T01:32:34Z,DLH790,"28.557144,61.268112",39000,522,140
1698456785,2023-10-28T01:33:05Z,DLH790,"28.498396,61.323261",39000,524,140
1698456817,2023-10-28T01:33:37Z,DLH790,"28.43898,61.379032",39000,526,140
1698456847,2023-10-28T01:34:07Z,DLH790,"28.382217,61.43222",39000,528,140
1698456881,2023-10-28T01:34:41Z,DLH790,"28.318405,61.491959",39000,528,140
1698456912,2023-10-28T01:35:12Z,DLH790,"28.26219,61.546917",39000,527,136
1698456945,2023-10-28T01:35:45Z,DLH790,"28.206327,61.614346",39025,525,129
1698456975,2023-10-28T01:36:15Z,DLH790,"28.162195,61.679455",39000,522,125
1698457007,2023-10-28T01:36:47Z,DLH790,"28.121109,61.753727",39000,520,119
1698457038,2023-10-28T01:37:18Z,DLH790,"28.085711,61.828739",39025,520,118
1698457070,2023-10-28T01:37:50Z,DLH790,"28.049026,61.905212",39000,519,118
1698457102,2023-10-28T01:38:22Z,DLH790,"28.013088,61.980015",39000,518,118
1698457132,2023-10-28T01:38:52Z,DLH790,"27.97847,62.052471",39000,515,118
1698457166,2023-10-28T01:39:26Z,DLH790,"27.939629,62.13345",39000,516,118
1698457198,2023-10-28T01:39:58Z,DLH790,"27.904156,62.207443",39000,517,118
1698457228,2023-10-28T01:40:28Z,DLH790,"27.869057,62.280491",39000,516,118
1698457262,2023-10-28T01:41:02Z,DLH790,"27.830883,62.359665",39000,517,118
1698457292,2023-10-28T01:41:32Z,DLH790,"27.795782,62.432293",39000,519,118
1698457326,2023-10-28T01:42:06Z,DLH790,"27.757236,62.512047",39000,520,118
1698457359,2023-10-28T01:42:39Z,DLH790,"27.719017,62.591064",39000,519,118
1698457392,2023-10-28T01:43:12Z,DLH790,"27.680511,62.670319",39000,516,118
1698457426,2023-10-28T01:43:46Z,DLH790,"27.641834,62.74984",39000,515,118
1698457460,2023-10-28T01:44:20Z,DLH790,"27.603378,62.828842",39000,515,118
1698457491,2023-10-28T01:44:51Z,DLH790,"27.568039,62.901081",39025,513,118
1698457521,2023-10-28T01:45:21Z,DLH790,"27.533089,62.972206",39000,514,118
1698457554,2023-10-28T01:45:54Z,DLH790,"27.494705,63.050224",39000,512,118
1698457584,2023-10-28T01:46:24Z,DLH790,"27.460922,63.118786",39000,510,118
1698457628,2023-10-28T01:47:08Z,DLH790,"27.410517,63.220985",39000,506,119
1698457669,2023-10-28T01:47:49Z,DLH790,"27.364058,63.314896",39000,507,119
1698457700,2023-10-28T01:48:20Z,DLH790,"27.328678,63.386307",39000,508,119
1698457732,2023-10-28T01:48:52Z,DLH790,"27.292191,63.459621",39000,510,119
1698457766,2023-10-28T01:49:26Z,DLH790,"27.252285,63.539852",39000,512,119
1698457797,2023-10-28T01:49:57Z,DLH790,"27.217209,63.610321",39000,511,119
1698457830,2023-10-28T01:50:30Z,DLH790,"27.178253,63.688469",39000,512,119
1698457864,2023-10-28T01:51:04Z,DLH790,"27.139723,63.765495",39000,514,119
1698457894,2023-10-28T01:51:34Z,DLH790,"27.103729,63.837357",39000,517,119
1698457928,2023-10-28T01:52:08Z,DLH790,"27.064499,63.915451",39000,519,119
1698457959,2023-10-28T01:52:39Z,DLH790,"27.028183,63.987701",39000,522,119
1698457989,2023-10-28T01:53:09Z,DLH790,"26.990479,64.058533",39000,523,123
1698458023,2023-10-28T01:53:43Z,DLH790,"26.94113,64.131531",39000,523,130
1698458053,2023-10-28T01:54:13Z,DLH790,"26.890961,64.191765",39000,520,135
1698458087,2023-10-28T01:54:47Z,DLH790,"26.829777,64.252113",39000,519,140
1698458118,2023-10-28T01:55:18Z,DLH790,"26.773821,64.304085",39000,518,139
1698458151,2023-10-28T01:55:51Z,DLH790,"26.712387,64.361748",39000,518,140
1698458182,2023-10-28T01:56:22Z,DLH790,"26.656044,64.414322",39000,517,140
1698458215,2023-10-28T01:56:55Z,DLH790,"26.594316,64.471733",39000,516,140
1698458249,2023-10-28T01:57:29Z,DLH790,"26.533052,64.528671",39000,516,140
1698458280,2023-10-28T01:58:00Z,DLH790,"26.476213,64.581284",39000,517,140
1698458313,2023-10-28T01:58:33Z,DLH790,"26.414703,64.638214",39000,519,140
1698458344,2023-10-28T01:59:04Z,DLH790,"26.357574,64.691025",39000,520,140
1698458377,2023-10-28T01:59:37Z,DLH790,"26.295637,64.748291",39000,520,140
1698458408,2023-10-28T02:00:08Z,DLH790,"26.239059,64.800522",39000,518,140
1698458440,2023-10-28T02:00:40Z,DLH790,"26.178818,64.855972",39000,516,140
1698458472,2023-10-28T02:01:12Z,DLH790,"26.121578,64.9086",39000,515,140
1698458502,2023-10-28T02:01:42Z,DLH790,"26.065842,64.960243",39000,520,138
1698458536,2023-10-28T02:02:16Z,DLH790,"26.007935,65.023155",39000,525,132
1698458566,2023-10-28T02:02:46Z,DLH790,"25.959715,65.087708",39000,529,127
1698458600,2023-10-28T02:03:20Z,DLH790,"25.91363,65.162979",39000,536,121
1698458630,2023-10-28T02:03:50Z,DLH790,"25.8769,65.236816",39025,539,117
1698458664,2023-10-28T02:04:24Z,DLH790,"25.83691,65.319321",39000,540,118
1698458694,2023-10-28T02:04:54Z,DLH790,"25.801065,65.392281",39000,540,118
1698458727,2023-10-28T02:05:27Z,DLH790,"25.761932,65.472359",39000,540,118
1698458759,2023-10-28T02:05:59Z,DLH790,"25.723984,65.550026",39000,540,118
1698458791,2023-10-28T02:06:31Z,DLH790,"25.685663,65.628334",39000,539,118
1698458824,2023-10-28T02:07:04Z,DLH790,"25.647583,65.705971",39000,539,118
1698458856,2023-10-28T02:07:36Z,DLH790,"25.608898,65.784737",39000,539,118
1698458888,2023-10-28T02:08:08Z,DLH790,"25.571823,65.860138",39000,539,118
1698458918,2023-10-28T02:08:38Z,DLH790,"25.53392,65.936943",39000,538,118
1698458950,2023-10-28T02:09:10Z,DLH790,"25.496941,66.011871",39000,537,118
1698458982,2023-10-28T02:09:42Z,DLH790,"25.458208,66.090225",39000,535,118
1698459013,2023-10-28T02:10:13Z,DLH790,"25.421356,66.16465",39000,534,118
1698459044,2023-10-28T02:10:44Z,DLH790,"25.384415,66.239067",39000,532,118
1698459078,2023-10-28T02:11:18Z,DLH790,"25.344063,66.320267",39000,531,118
1698459109,2023-10-28T02:11:49Z,DLH790,"25.307785,66.393074",39000,531,118
1698459139,2023-10-28T02:12:19Z,DLH790,"25.271812,66.46521",39000,530,118
1698459170,2023-10-28T02:12:50Z,DLH790,"25.235085,66.538696",39000,531,118
1698459204,2023-10-28T02:13:24Z,DLH790,"25.194809,66.619209",39000,532,118
1698459235,2023-10-28T02:13:55Z,DLH790,"25.158413,66.691933",39000,531,118
1698459265,2023-10-28T02:14:25Z,DLH790,"25.123125,66.762466",39000,530,118
1698459299,2023-10-28T02:14:59Z,DLH790,"25.082857,66.842842",39000,529,118
1698459330,2023-10-28T02:15:30Z,DLH790,"25.045895,66.916374",39000,526,118
1698459360,2023-10-28T02:16:00Z,DLH790,"25.009872,66.987968",39000,525,118
1698459394,2023-10-28T02:16:34Z,DLH790,"24.970276,67.066498",39000,525,118
1698459425,2023-10-28T02:17:05Z,DLH790,"24.934067,67.138161",39000,525,118
1698459454,2023-10-28T02:17:34Z,DLH790,"24.899908,67.20565",39000,528,118
1698459489,2023-10-28T02:18:09Z,DLH790,"24.858011,67.290222",39000,530,118
1698459520,2023-10-28T02:18:40Z,DLH790,"24.822006,67.363228",39000,531,118
1698459550,2023-10-28T02:19:10Z,DLH790,"24.786209,67.435204",39000,530,118
1698459584,2023-10-28T02:19:44Z,DLH790,"24.746658,67.514565",39000,530,118
1698459615,2023-10-28T02:20:15Z,DLH790,"24.710579,67.586906",39000,529,118
1698459645,2023-10-28T02:20:45Z,DLH790,"24.675014,67.658264",39000,527,118
1698459676,2023-10-28T02:21:16Z,DLH790,"24.638517,67.73185",39000,525,118
1698459710,2023-10-28T02:21:50Z,DLH790,"24.599075,67.810921",39000,524,118
1698459741,2023-10-28T02:22:21Z,DLH790,"24.56369,67.881874",39000,522,118
1698459772,2023-10-28T02:22:52Z,DLH790,"24.527847,67.953438",39000,520,118
1698459805,2023-10-28T02:23:25Z,DLH790,"24.489595,68.029831",39000,520,118
1698459836,2023-10-28T02:23:56Z,DLH790,"24.453566,68.101608",39000,521,118
1698459866,2023-10-28T02:24:26Z,DLH790,"24.418121,68.172249",39000,520,118
1698459899,2023-10-28T02:24:59Z,DLH790,"24.37978,68.248421",39000,520,118
1698459930,2023-10-28T02:25:30Z,DLH790,"24.343414,68.320518",39000,520,118
1698459961,2023-10-28T02:26:01Z,DLH790,"24.307344,68.391914",39000,521,118
1698459995,2023-10-28T02:26:35Z,DLH790,"24.268101,68.469597",39000,520,118
1698460026,2023-10-28T02:27:06Z,DLH790,"24.23259,68.539886",39000,518,118
1698460059,2023-10-28T02:27:39Z,DLH790,"24.193989,68.616043",39000,517,118
1698460089,2023-10-28T02:28:09Z,DLH790,"24.158249,68.686371",39000,518,118
1698460123,2023-10-28T02:28:43Z,DLH790,"24.122578,68.767052",39000,528,112
1698460157,2023-10-28T02:29:17Z,DLH790,"24.094927,68.852821",39000,538,106
1698460187,2023-10-28T02:29:47Z,DLH790,"24.074799,68.931984",39000,541,105
1698460221,2023-10-28T02:30:21Z,DLH790,"24.051958,69.019272",39000,540,105
1698460251,2023-10-28T02:30:51Z,DLH790,"24.030825,69.099907",39000,537,105
1698460284,2023-10-28T02:31:24Z,DLH790,"24.008385,69.185623",39000,537,105
1698460318,2023-10-28T02:31:58Z,DLH790,"23.985435,69.273254",39000,537,105
1698460352,2023-10-28T02:32:32Z,DLH790,"23.961731,69.363457",39000,539,105
1698460383,2023-10-28T02:33:03Z,DLH790,"23.940792,69.443024",39000,539,105
1698460417,2023-10-28T02:33:37Z,DLH790,"23.917236,69.532524",39000,539,105
1698460450,2023-10-28T02:34:10Z,DLH790,"23.89444,69.618629",39000,539,105
1698460480,2023-10-28T02:34:40Z,DLH790,"23.873611,69.69706",39000,540,106
1698460514,2023-10-28T02:35:14Z,DLH790,"23.849762,69.786781",39000,540,106
1698460546,2023-10-28T02:35:46Z,DLH790,"23.827902,69.868904",39025,538,106
1698460579,2023-10-28T02:36:19Z,DLH790,"23.804533,69.956375",39000,538,106
1698460610,2023-10-28T02:36:50Z,DLH790,"23.78334,70.035652",39000,537,106
1698460640,2023-10-28T02:37:20Z,DLH790,"23.761984,70.115158",39025,536,106
1698460674,2023-10-28T02:37:54Z,DLH790,"23.73848,70.202583",39000,535,106
1698460708,2023-10-28T02:38:28Z,DLH790,"23.714996,70.289612",39025,535,106
1698460739,2023-10-28T02:38:59Z,DLH790,"23.693506,70.369301",38925,538,106
1698460772,2023-10-28T02:39:32Z,DLH790,"23.669624,70.457191",38650,537,106
1698460806,2023-10-28T02:40:06Z,DLH790,"23.646057,70.544128",38375,535,106
1698460836,2023-10-28T02:40:36Z,DLH790,"23.62468,70.622559",38125,535,106
1698460870,2023-10-28T02:41:10Z,DLH790,"23.600922,70.709686",37850,536,106
1698460900,2023-10-28T02:41:40Z,DLH790,"23.579269,70.788933",37625,538,106
1698460934,2023-10-28T02:42:14Z,DLH790,"23.555878,70.874229",37350,540,106
1698460965,2023-10-28T02:42:45Z,DLH790,"23.533401,70.955902",37100,539,106
1698460996,2023-10-28T02:43:16Z,DLH790,"23.511337,71.036499",37025,542,106
1698461026,2023-10-28T02:43:46Z,DLH790,"23.489515,71.116539",37000,540,106
1698461060,2023-10-28T02:44:20Z,DLH790,"23.465424,71.205292",37000,540,106
1698461091,2023-10-28T02:44:51Z,DLH790,"23.443497,71.285736",37000,538,106
1698461125,2023-10-28T02:45:25Z,DLH790,"23.419918,71.371918",37000,536,106
1698461156,2023-10-28T02:45:56Z,DLH790,"23.397629,71.453178",37000,536,106
1698461189,2023-10-28T02:46:29Z,DLH790,"23.3741,71.538574",37000,537,106
1698461222,2023-10-28T02:47:02Z,DLH790,"23.350433,71.624367",37000,539,106
1698461256,2023-10-28T02:47:36Z,DLH790,"23.326126,71.712311",37000,540,106
1698461287,2023-10-28T02:48:07Z,DLH790,"23.304003,71.792091",37000,541,106
1698461320,2023-10-28T02:48:40Z,DLH790,"23.280258,71.8778",37000,539,106
1698461350,2023-10-28T02:49:10Z,DLH790,"23.258057,71.957451",37000,538,106
1698461384,2023-10-28T02:49:44Z,DLH790,"23.233887,72.044044",37000,536,106
1698461415,2023-10-28T02:50:15Z,DLH790,"23.211784,72.123512",37000,536,106
1698461445,2023-10-28T02:50:45Z,DLH790,"23.189812,72.201637",37000,534,106
1698461479,2023-10-28T02:51:19Z,DLH790,"23.165604,72.287849",37000,532,106
1698461512,2023-10-28T02:51:52Z,DLH790,"23.141739,72.372688",37000,533,106
1698461546,2023-10-28T02:52:26Z,DLH790,"23.117422,72.458855",37000,534,106
1698461576,2023-10-28T02:52:56Z,DLH790,"23.09523,72.537384",37000,532,107
1698461610,2023-10-28T02:53:30Z,DLH790,"23.071198,72.622322",37000,532,107
1698461640,2023-10-28T02:54:00Z,DLH790,"23.049271,72.699585",37000,534,107
1698461673,2023-10-28T02:54:33Z,DLH790,"23.025192,72.784172",37000,534,107
1698461707,2023-10-28T02:55:07Z,DLH790,"23.000381,72.871269",37000,531,107
1698461737,2023-10-28T02:55:37Z,DLH790,"22.978409,72.948021",37000,529,107
1698461771,2023-10-28T02:56:11Z,DLH790,"22.954117,73.032936",37000,527,107
1698461804,2023-10-28T02:56:44Z,DLH790,"22.930115,73.116562",37000,527,107
1698461835,2023-10-28T02:57:15Z,DLH790,"22.907867,73.193817",37000,529,107
1698461868,2023-10-28T02:57:48Z,DLH790,"22.883776,73.277489",37000,530,107
1698461898,2023-10-28T02:58:18Z,DLH790,"22.86145,73.354912",37000,530,107
1698461932,2023-10-28T02:58:52Z,DLH790,"22.836899,73.439537",37000,528,107
1698461965,2023-10-28T02:59:25Z,DLH790,"22.812607,73.523308",37000,525,107
1698461996,2023-10-28T02:59:56Z,DLH790,"22.790346,73.599953",37000,525,107
1698462029,2023-10-28T03:00:29Z,DLH790,"22.766052,73.683357",37000,525,107
1698462059,2023-10-28T03:00:59Z,DLH790,"22.744074,73.758644",37000,526,107
1698462092,2023-10-28T03:01:32Z,DLH790,"22.7194,73.843132",37000,528,107
1698462123,2023-10-28T03:02:03Z,DLH790,"22.696775,73.920235",37000,526,107
1698462157,2023-10-28T03:02:37Z,DLH790,"22.67189,74.004852",37000,525,107
1698462187,2023-10-28T03:03:07Z,DLH790,"22.649618,74.080605",37000,524,107
1698462220,2023-10-28T03:03:40Z,DLH790,"22.625132,74.163719",37000,524,107
1698462254,2023-10-28T03:04:14Z,DLH790,"22.600088,74.248451",37000,525,107
1698462285,2023-10-28T03:04:45Z,DLH790,"22.577957,74.323257",37000,524,107
1698462318,2023-10-28T03:05:18Z,DLH790,"22.552696,74.408264",37000,524,107
1698462349,2023-10-28T03:05:49Z,DLH790,"22.530491,74.483086",37000,522,107
1698462382,2023-10-28T03:06:22Z,DLH790,"22.505676,74.566406",37000,524,107
1698462412,2023-10-28T03:06:52Z,DLH790,"22.483154,74.641762",37000,524,107
1698462445,2023-10-28T03:07:25Z,DLH790,"22.458344,74.724808",37000,525,107
1698462479,2023-10-28T03:07:59Z,DLH790,"22.433533,74.807655",37000,525,107
1698462512,2023-10-28T03:08:32Z,DLH790,"22.409689,74.886879",37000,524,107
1698462543,2023-10-28T03:09:03Z,DLH790,"22.385668,74.966736",37000,522,107
1698462577,2023-10-28T03:09:37Z,DLH790,"22.360203,75.05127",37000,521,107
1698462610,2023-10-28T03:10:10Z,DLH790,"22.33567,75.132446",37000,519,107
1698462642,2023-10-28T03:10:42Z,DLH790,"22.311649,75.211891",37000,520,107
1698462672,2023-10-28T03:11:12Z,DLH790,"22.289017,75.286362",37000,522,108
1698462706,2023-10-28T03:11:46Z,DLH790,"22.263887,75.36911",37000,523,108
1698462737,2023-10-28T03:12:17Z,DLH790,"22.239912,75.447792",37000,522,108
1698462771,2023-10-28T03:12:51Z,DLH790,"22.215054,75.529381",37000,520,108
1698462804,2023-10-28T03:13:24Z,DLH790,"22.189775,75.61203",37000,518,108
1698462837,2023-10-28T03:13:57Z,DLH790,"22.164963,75.693108",37000,518,108
1698462867,2023-10-28T03:14:27Z,DLH790,"22.142029,75.76786",37000,521,108
1698462900,2023-10-28T03:15:00Z,DLH790,"22.117081,75.848763",37000,522,108
1698462934,2023-10-28T03:15:34Z,DLH790,"22.09127,75.932671",37000,523,108
1698462964,2023-10-28T03:16:04Z,DLH790,"22.068228,76.007385",37000,522,108
1698462998,2023-10-28T03:16:38Z,DLH790,"22.041687,76.089462",37000,521,109
1698463029,2023-10-28T03:17:09Z,DLH790,"22.016556,76.163887",37000,522,109
1698463062,2023-10-28T03:17:42Z,DLH790,"21.989182,76.246063",37000,524,109
1698463095,2023-10-28T03:18:15Z,DLH790,"21.96254,76.328362",37000,524,107
1698463126,2023-10-28T03:18:46Z,DLH790,"21.942902,76.40432",37000,524,104
1698463157,2023-10-28T03:19:17Z,DLH790,"21.923355,76.483223",37000,523,104
1698463191,2023-10-28T03:19:51Z,DLH790,"21.90185,76.569878",37000,524,104
1698463225,2023-10-28T03:20:25Z,DLH790,"21.880949,76.654205",37000,523,104
1698463255,2023-10-28T03:20:55Z,DLH790,"21.861786,76.731209",37000,523,104
1698463289,2023-10-28T03:21:29Z,DLH790,"21.840591,76.816307",37000,524,104
1698463320,2023-10-28T03:22:00Z,DLH790,"21.821781,76.892242",37000,523,104
1698463350,2023-10-28T03:22:30Z,DLH790,"21.802414,76.970116",37000,521,104
1698463383,2023-10-28T03:23:03Z,DLH790,"21.781839,77.052361",37000,521,104
1698463417,2023-10-28T03:23:37Z,DLH790,"21.76075,77.136635",37000,521,104
1698463447,2023-10-28T03:24:07Z,DLH790,"21.741804,77.212425",37000,522,105
1698463481,2023-10-28T03:24:41Z,DLH790,"21.721069,77.295059",37000,522,105
1698463513,2023-10-28T03:25:13Z,DLH790,"21.700058,77.378105",37000,522,105
1698463547,2023-10-28T03:25:47Z,DLH790,"21.679098,77.460884",37000,521,105
1698463580,2023-10-28T03:26:20Z,DLH790,"21.657684,77.545265",37000,522,105
1698463613,2023-10-28T03:26:53Z,DLH790,"21.637482,77.624802",37000,520,106
1698463629,2023-10-28T03:27:09Z,DLH790,"21.623562,77.66378",37000,516,116
1698463632,2023-10-28T03:27:12Z,DLH790,"21.620132,77.670845",37000,515,118
1698463635,2023-10-28T03:27:15Z,DLH790,"21.616486,77.677765",37000,513,120
1698463638,2023-10-28T03:27:18Z,DLH790,"21.6129,77.684029",37000,512,122
1698463641,2023-10-28T03:27:21Z,DLH790,"21.608152,77.69165",37000,512,124
1698463644,2023-10-28T03:27:24Z,DLH790,"21.604242,77.697655",37000,510,124
1698463647,2023-10-28T03:27:27Z,DLH790,"21.600037,77.703903",37000,510,125
1698463651,2023-10-28T03:27:31Z,DLH790,"21.595118,77.711082",37000,510,126
1698463654,2023-10-28T03:27:34Z,DLH790,"21.590927,77.717079",37000,509,126
1698463657,2023-10-28T03:27:37Z,DLH790,"21.586319,77.723747",37000,509,126
1698463687,2023-10-28T03:28:07Z,DLH790,"21.54483,77.786003",37000,509,124
1698463721,2023-10-28T03:28:41Z,DLH790,"21.499966,77.856445",37000,508,124
1698463751,2023-10-28T03:29:11Z,DLH790,"21.459137,77.919785",37000,507,124
1698463783,2023-10-28T03:29:43Z,DLH790,"21.417252,77.9842",37000,507,124
1698463816,2023-10-28T03:30:16Z,DLH790,"21.372412,78.053078",37000,507,124
1698463846,2023-10-28T03:30:46Z,DLH790,"21.331678,78.115593",37000,508,124
1698463880,2023-10-28T03:31:20Z,DLH790,"21.286663,78.184662",37000,510,124
1698463911,2023-10-28T03:31:51Z,DLH790,"21.243881,78.250175",37000,510,124
1698463943,2023-10-28T03:32:23Z,DLH790,"21.200317,78.316841",37000,510,124
1698463976,2023-10-28T03:32:56Z,DLH790,"21.156418,78.383858",37000,509,124
1698464008,2023-10-28T03:33:28Z,DLH790,"21.113396,78.449554",37000,509,125
1698464041,2023-10-28T03:34:01Z,DLH790,"21.068472,78.518013",37000,509,125
1698464071,2023-10-28T03:34:31Z,DLH790,"21.027237,78.580788",37000,508,125
1698464105,2023-10-28T03:35:05Z,DLH790,"20.982239,78.649162",37000,506,125
1698464138,2023-10-28T03:35:38Z,DLH790,"20.937567,78.717041",37025,506,125
1698464169,2023-10-28T03:36:09Z,DLH790,"20.894693,78.782112",37175,506,125
1698464201,2023-10-28T03:36:41Z,DLH790,"20.852234,78.846428",37325,505,125
1698464235,2023-10-28T03:37:15Z,DLH790,"20.806824,78.915184",37625,506,125
1698464267,2023-10-28T03:37:47Z,DLH790,"20.762484,78.982208",37900,506,125
1698464301,2023-10-28T03:38:21Z,DLH790,"20.717743,79.049675",38225,505,125
1698464331,2023-10-28T03:38:51Z,DLH790,"20.676224,79.112305",38525,504,125
1698464364,2023-10-28T03:39:24Z,DLH790,"20.631765,79.179268",38875,503,125
1698464398,2023-10-28T03:39:58Z,DLH790,"20.58675,79.247032",39000,502,125
1698464431,2023-10-28T03:40:31Z,DLH790,"20.542465,79.313591",39000,503,125
1698464462,2023-10-28T03:41:02Z,DLH790,"20.5009,79.375923",39000,503,125
1698464493,2023-10-28T03:41:33Z,DLH790,"20.459061,79.43866",39000,502,125
1698464524,2023-10-28T03:42:04Z,DLH790,"20.417439,79.501015",39000,499,125
1698464556,2023-10-28T03:42:36Z,DLH790,"20.374603,79.565147",39000,499,125
1698464590,2023-10-28T03:43:10Z,DLH790,"20.329102,79.633125",39000,498,125
1698464622,2023-10-28T03:43:42Z,DLH790,"20.287308,79.695511",39000,496,125
1698464655,2023-10-28T03:44:15Z,DLH790,"20.24189,79.76329",39000,498,125
1698464685,2023-10-28T03:44:45Z,DLH790,"20.20125,79.823761",39000,498,125
1698464719,2023-10-28T03:45:19Z,DLH790,"20.156708,79.890076",39000,496,125
1698464751,2023-10-28T03:45:51Z,DLH790,"20.113779,79.953903",39000,496,125
1698464782,2023-10-28T03:46:22Z,DLH790,"20.072479,80.01519",39000,494,125
1698464815,2023-10-28T03:46:55Z,DLH790,"20.027843,80.081345",39000,493,125
1698464848,2023-10-28T03:47:28Z,DLH790,"19.983711,80.146812",39000,493,125
1698464879,2023-10-28T03:47:59Z,DLH790,"19.942337,80.207993",39000,492,125
1698464912,2023-10-28T03:48:32Z,DLH790,"19.898615,80.272652",39000,491,125
1698464945,2023-10-28T03:49:05Z,DLH790,"19.85495,80.337181",39000,490,125
1698464979,2023-10-28T03:49:39Z,DLH790,"19.810724,80.402397",39000,488,125
1698465012,2023-10-28T03:50:12Z,DLH790,"19.76683,80.467056",39000,487,125
1698465042,2023-10-28T03:50:42Z,DLH790,"19.726913,80.52581",39000,486,125
1698465075,2023-10-28T03:51:15Z,DLH790,"19.682285,80.584915",39000,486,131
1698465108,2023-10-28T03:51:48Z,DLH790,"19.632523,80.644455",39000,484,130
1698465142,2023-10-28T03:52:22Z,DLH790,"19.582352,80.705566",39000,484,130
1698465172,2023-10-28T03:52:52Z,DLH790,"19.536997,80.760498",39000,484,131
1698465204,2023-10-28T03:53:24Z,DLH790,"19.490021,80.817192",39000,484,131
1698465234,2023-10-28T03:53:54Z,DLH790,"19.445206,80.871292",39000,486,131
1698465268,2023-10-28T03:54:28Z,DLH790,"19.395401,80.931328",39000,487,131
1698465299,2023-10-28T03:54:59Z,DLH790,"19.34967,80.986404",39000,488,131
1698465331,2023-10-28T03:55:31Z,DLH790,"19.30051,81.045647",39000,490,131
1698465363,2023-10-28T03:56:03Z,DLH790,"19.253912,81.101677",39000,489,131
1698465396,2023-10-28T03:56:36Z,DLH790,"19.203964,81.161743",39000,488,131
1698465426,2023-10-28T03:57:06Z,DLH790,"19.159012,81.215698",39000,486,131
1698465458,2023-10-28T03:57:38Z,DLH790,"19.112183,81.271904",39000,485,131
1698465488,2023-10-28T03:58:08Z,DLH790,"19.066866,81.326141",39000,486,131
1698465520,2023-10-28T03:58:40Z,DLH790,"19.020081,81.382126",39000,486,131
1698465552,2023-10-28T03:59:12Z,DLH790,"18.971786,81.439888",39000,488,131
1698465583,2023-10-28T03:59:43Z,DLH790,"18.926044,81.494637",39000,488,131
1698465616,2023-10-28T04:00:16Z,DLH790,"18.876434,81.553772",39000,491,131
1698465647,2023-10-28T04:00:47Z,DLH790,"18.82988,81.609337",39000,492,131
1698465680,2023-10-28T04:01:20Z,DLH790,"18.779938,81.668831",39000,493,131
1698465711,2023-10-28T04:01:51Z,DLH790,"18.733887,81.723663",39000,492,131
1698465744,2023-10-28T04:02:24Z,DLH790,"18.68281,81.78437",39000,492,131
1698465774,2023-10-28T04:02:54Z,DLH790,"18.636955,81.838905",39000,490,131
1698465806,2023-10-28T04:03:26Z,DLH790,"18.589006,81.895882",39000,489,131
1698465841,2023-10-28T04:04:01Z,DLH790,"18.536589,81.958008",39000,488,131
1698465872,2023-10-28T04:04:32Z,DLH790,"18.490128,82.013084",39000,488,131
1698465902,2023-10-28T04:05:02Z,DLH790,"18.444443,82.067139",39000,488,131
1698465936,2023-10-28T04:05:36Z,DLH790,"18.394093,82.126648",39000,490,131
1698465969,2023-10-28T04:06:09Z,DLH790,"18.343769,82.186172",39000,493,131
1698466000,2023-10-28T04:06:40Z,DLH790,"18.297363,82.240952",39000,493,131
1698466033,2023-10-28T04:07:13Z,DLH790,"18.246597,82.300842",39000,495,131
1698466064,2023-10-28T04:07:44Z,DLH790,"18.200043,82.355621",39000,496,131
1698466097,2023-10-28T04:08:17Z,DLH790,"18.148668,82.416145",39000,495,131
1698466131,2023-10-28T04:08:51Z,DLH790,"18.097504,82.476387",39000,495,131
1698466161,2023-10-28T04:09:21Z,DLH790,"18.050816,82.531212",39000,492,131
1698466195,2023-10-28T04:09:55Z,DLH790,"17.999609,82.591293",39000,492,131
1698466229,2023-10-28T04:10:29Z,DLH790,"17.947861,82.652023",39000,491,131
1698466260,2023-10-28T04:11:00Z,DLH790,"17.901123,82.70681",39000,491,131
1698466290,2023-10-28T04:11:30Z,DLH790,"17.854935,82.76088",39000,492,131
1698466321,2023-10-28T04:12:01Z,DLH790,"17.80772,82.816116",39000,492,131
1698466354,2023-10-28T04:12:34Z,DLH790,"17.757025,82.87532",39000,492,131
1698466385,2023-10-28T04:13:05Z,DLH790,"17.710054,82.930252",39000,492,131
1698466418,2023-10-28T04:13:38Z,DLH790,"17.659544,82.989105",39000,493,131
1698466450,2023-10-28T04:14:10Z,DLH790,"17.613007,83.043388",39000,493,131
1698466482,2023-10-28T04:14:42Z,DLH790,"17.562017,83.102791",39000,493,131
1698466516,2023-10-28T04:15:16Z,DLH790,"17.510696,83.162506",39000,492,131
1698466547,2023-10-28T04:15:47Z,DLH790,"17.462769,83.218246",39000,492,131
1698466578,2023-10-28T04:16:18Z,DLH790,"17.415565,83.273079",39000,492,131
1698466612,2023-10-28T04:16:52Z,DLH790,"17.36467,83.332169",39000,490,131
1698466643,2023-10-28T04:17:23Z,DLH790,"17.316788,83.387672",39000,489,131
1698466677,2023-10-28T04:17:57Z,DLH790,"17.265993,83.446556",39000,488,132
1698466708,2023-10-28T04:18:28Z,DLH790,"17.218048,83.502022",39000,489,132
1698466739,2023-10-28T04:18:59Z,DLH790,"17.171265,83.556129",39000,489,132
1698466771,2023-10-28T04:19:31Z,DLH790,"17.123703,83.611115",39000,489,132
1698466804,2023-10-28T04:20:04Z,DLH790,"17.073359,83.669228",39000,490,132
1698466834,2023-10-28T04:20:34Z,DLH790,"17.026794,83.723",39000,491,132
1698466868,2023-10-28T04:21:08Z,DLH790,"16.975367,83.782227",39000,490,132
1698466899,2023-10-28T04:21:39Z,DLH790,"16.928396,83.836372",39000,489,132
1698466930,2023-10-28T04:22:10Z,DLH790,"16.881472,83.890373",39000,487,132
1698466962,2023-10-28T04:22:42Z,DLH790,"16.833115,83.945953",39000,486,132
1698466993,2023-10-28T04:23:13Z,DLH790,"16.785507,84.000694",39000,486,132
1698467025,2023-10-28T04:23:45Z,DLH790,"16.737532,84.055756",39000,487,132
1698467056,2023-10-28T04:24:16Z,DLH790,"16.690475,84.109787",39000,487,132
1698467088,2023-10-28T04:24:48Z,DLH790,"16.64168,84.165672",39000,488,132
1698467121,2023-10-28T04:25:21Z,DLH790,"16.590939,84.223793",39000,488,132
1698467156,2023-10-28T04:25:56Z,DLH790,"16.538055,84.284317",39000,487,132
1698467187,2023-10-28T04:26:27Z,DLH790,"16.491531,84.337509",39000,487,132
1698467220,2023-10-28T04:27:00Z,DLH790,"16.440674,84.395576",39000,487,132
1698467255,2023-10-28T04:27:35Z,DLH790,"16.388077,84.455666",39000,488,132
1698467289,2023-10-28T04:28:09Z,DLH790,"16.338593,84.512085",39000,489,132
1698467323,2023-10-28T04:28:43Z,DLH790,"16.284298,84.573929",39000,489,132
1698467364,2023-10-28T04:29:24Z,DLH790,"16.221359,84.645561",39000,487,132
1698467441,2023-10-28T04:30:41Z,DLH790,"16.104746,84.778206",39000,485,132
1698467470,2023-10-28T04:31:10Z,DLH790,"16.06105,84.827797",39000,484,132
1698472378,2023-10-28T05:52:58Z,DLH790,"9.120884,93.406967",41004,478,116
1698472443,2023-10-28T05:54:03Z,DLH790,"9.058056,93.536743",41000,476,116
1698472507,2023-10-28T05:55:07Z,DLH790,"8.996258,93.664459",41000,475,116
1698472635,2023-10-28T05:57:15Z,DLH790,"8.873863,93.917313",41004,472,116
1698472677,2023-10-28T05:57:57Z,DLH790,"8.835242,93.995949",41000,468,118
1698472712,2023-10-28T05:58:32Z,DLH790,"8.795952,94.060539",41000,469,122
1698472761,2023-10-28T05:59:21Z,DLH790,"8.739251,94.151978",41000,467,121
1698472792,2023-10-28T05:59:52Z,DLH790,"8.703034,94.210655",41000,466,121
1698472824,2023-10-28T06:00:24Z,DLH790,"8.66635,94.269753",41000,466,121
1698472856,2023-10-28T06:00:56Z,DLH790,"8.629852,94.328659",41000,467,121
1698472886,2023-10-28T06:01:26Z,DLH790,"8.595016,94.384804",41000,468,121
1698472917,2023-10-28T06:01:57Z,DLH790,"8.56105,94.443039",41000,467,117
1698472952,2023-10-28T06:02:32Z,DLH790,"8.527066,94.509506",41000,468,117
1698472984,2023-10-28T06:03:04Z,DLH790,"8.494537,94.571381",41000,469,117
1698473016,2023-10-28T06:03:36Z,DLH790,"8.461707,94.633911",41000,471,117
1698473048,2023-10-28T06:04:08Z,DLH790,"8.429214,94.695992",41000,471,117
1698473080,2023-10-28T06:04:40Z,DLH790,"8.399414,94.761314",41000,472,111
1698473113,2023-10-28T06:05:13Z,DLH790,"8.373351,94.827209",41000,473,112
1698473145,2023-10-28T06:05:45Z,DLH790,"8.345932,94.892845",41000,475,113
1698473177,2023-10-28T06:06:17Z,DLH790,"8.317886,94.958138",41000,475,113
1698473209,2023-10-28T06:06:49Z,DLH790,"8.290209,95.02269",41000,474,113
1698473240,2023-10-28T06:07:20Z,DLH790,"8.263115,95.086052",41000,473,113
1698473272,2023-10-28T06:07:52Z,DLH790,"8.235306,95.150909",41000,473,113
1698473303,2023-10-28T06:08:23Z,DLH790,"8.208323,95.213676",41000,472,113
1698473333,2023-10-28T06:08:53Z,DLH790,"8.181976,95.275208",41000,471,113
1698473365,2023-10-28T06:09:25Z,DLH790,"8.154509,95.339165",41000,470,113
1698473397,2023-10-28T06:09:57Z,DLH790,"8.126999,95.403229",41000,471,113
1698473427,2023-10-28T06:10:27Z,DLH790,"8.100741,95.464371",41000,470,113
1698473459,2023-10-28T06:10:59Z,DLH790,"8.073368,95.528114",41000,469,113
1698473493,2023-10-28T06:11:33Z,DLH790,"8.044459,95.595261",41000,470,113
1698473524,2023-10-28T06:12:04Z,DLH790,"8.016678,95.659912",41000,471,113
1698473555,2023-10-28T06:12:35Z,DLH790,"7.989624,95.722572",41000,472,113
1698473587,2023-10-28T06:13:07Z,DLH790,"7.962295,95.785957",41000,475,113
1698473618,2023-10-28T06:13:38Z,DLH790,"7.934922,95.849464",41000,476,113
1698473649,2023-10-28T06:14:09Z,DLH790,"7.908051,95.911812",41000,476,113
1698473680,2023-10-28T06:14:40Z,DLH790,"7.880689,95.975189",41000,477,113
1698473711,2023-10-28T06:15:11Z,DLH790,"7.85327,96.038643",41000,478,113
1698473742,2023-10-28T06:15:42Z,DLH790,"7.826385,96.100952",41000,478,113
1698473773,2023-10-28T06:16:13Z,DLH790,"7.798664,96.165131",41000,478,113
1698473803,2023-10-28T06:16:43Z,DLH790,"7.771523,96.227875",41000,477,113
1698473835,2023-10-28T06:17:15Z,DLH790,"7.743622,96.292374",41000,477,113
1698473866,2023-10-28T06:17:46Z,DLH790,"7.716568,96.354942",41000,478,113
1698473896,2023-10-28T06:18:16Z,DLH790,"7.689331,96.41774",41000,479,113
1698473928,2023-10-28T06:18:48Z,DLH790,"7.661682,96.481606",41000,480,113
1698473958,2023-10-28T06:19:18Z,DLH790,"7.634354,96.544777",41000,479,113
1698473990,2023-10-28T06:19:50Z,DLH790,"7.60617,96.609695",41000,480,113
1698474021,2023-10-28T06:20:21Z,DLH790,"7.578644,96.673126",41000,481,113
1698474052,2023-10-28T06:20:52Z,DLH790,"7.550819,96.737274",41000,482,113
1698474083,2023-10-28T06:21:23Z,DLH790,"7.523026,96.801186",41000,483,113
1698474114,2023-10-28T06:21:54Z,DLH790,"7.495697,96.864265",41000,479,113
1698474145,2023-10-28T06:22:25Z,DLH790,"7.467957,96.928139",41025,477,113
1698474179,2023-10-28T06:22:59Z,DLH790,"7.43866,96.995499",41000,475,113
1698474210,2023-10-28T06:23:30Z,DLH790,"7.411057,97.058853",41000,474,113
1698474241,2023-10-28T06:24:01Z,DLH790,"7.383545,97.12207",41000,473,113
1698474272,2023-10-28T06:24:32Z,DLH790,"7.356262,97.184685",41000,473,113
1698474303,2023-10-28T06:25:03Z,DLH790,"7.329071,97.247162",41000,474,113
1698474334,2023-10-28T06:25:34Z,DLH790,"7.301651,97.310143",41000,474,113
1698474365,2023-10-28T06:26:05Z,DLH790,"7.274551,97.372337",41000,475,113
1698474396,2023-10-28T06:26:36Z,DLH790,"7.247159,97.435089",41000,476,113
1698474427,2023-10-28T06:27:07Z,DLH790,"7.219299,97.498817",41000,476,113
1698474458,2023-10-28T06:27:38Z,DLH790,"7.192017,97.561386",41000,474,113
1698474492,2023-10-28T06:28:12Z,DLH790,"7.162216,97.629723",41000,473,113
1698474523,2023-10-28T06:28:43Z,DLH790,"7.134979,97.691963",41000,474,113
1698474554,2023-10-28T06:29:14Z,DLH790,"7.107456,97.754829",41000,476,113
1698474584,2023-10-28T06:29:44Z,DLH790,"7.080505,97.816536",41000,478,113
1698474616,2023-10-28T06:30:16Z,DLH790,"7.052765,97.87999",41000,477,113
1698474649,2023-10-28T06:30:49Z,DLH790,"7.022964,97.948006",41000,472,113
1698474680,2023-10-28T06:31:20Z,DLH790,"6.996643,98.009361",41000,471,111
1698474710,2023-10-28T06:31:50Z,DLH790,"6.973526,98.072807",41000,472,109
1698474744,2023-10-28T06:32:24Z,DLH790,"6.948294,98.141533",41000,471,110
1698474775,2023-10-28T06:32:55Z,DLH790,"6.925003,98.204414",41000,472,110
1698474805,2023-10-28T06:33:25Z,DLH790,"6.901742,98.267685",41000,472,110
1698474839,2023-10-28T06:33:59Z,DLH790,"6.876277,98.336731",41000,474,110
1698474870,2023-10-28T06:34:30Z,DLH790,"6.852127,98.402214",41000,477,110
1698474895,2023-10-28T06:34:55Z,DLH790,"6.829514,98.451698",41000,478,122
1698474898,2023-10-28T06:34:58Z,DLH790,"6.825485,98.457748",41000,478,125
1698474902,2023-10-28T06:35:02Z,DLH790,"6.821686,98.462868",41000,476,127
1698474904,2023-10-28T06:35:04Z,DLH790,"6.817715,98.467857",41000,476,128
1698474907,2023-10-28T06:35:07Z,DLH790,"6.813446,98.472832",41000,476,131
1698474911,2023-10-28T06:35:11Z,DLH790,"6.807567,98.479172",41000,476,133
1698474914,2023-10-28T06:35:14Z,DLH790,"6.802911,98.48381",41000,476,136
1698474917,2023-10-28T06:35:17Z,DLH790,"6.797791,98.488457",41000,476,138
1698474920,2023-10-28T06:35:20Z,DLH790,"6.792709,98.492851",41000,476,139
1698474923,2023-10-28T06:35:23Z,DLH790,"6.787674,98.496994",41000,476,140
1698474926,2023-10-28T06:35:26Z,DLH790,"6.781723,98.50174",41000,476,141
1698474929,2023-10-28T06:35:29Z,DLH790,"6.77647,98.505974",41000,476,141
1698474932,2023-10-28T06:35:32Z,DLH790,"6.772094,98.509476",41025,476,141
1698474935,2023-10-28T06:35:35Z,DLH790,"6.766434,98.51403",41000,476,141
1698474967,2023-10-28T06:36:07Z,DLH790,"6.713298,98.559441",41000,478,138
1698474998,2023-10-28T06:36:38Z,DLH790,"6.661606,98.604858",41000,479,138
1698475028,2023-10-28T06:37:08Z,DLH790,"6.610185,98.649315",41000,476,139
1698475060,2023-10-28T06:37:40Z,DLH790,"6.557556,98.694466",41000,476,139
1698475091,2023-10-28T06:38:11Z,DLH790,"6.505908,98.738869",41000,475,139
1698475123,2023-10-28T06:38:43Z,DLH790,"6.451035,98.786079",41000,472,139
1698475155,2023-10-28T06:39:15Z,DLH790,"6.399164,98.83078",41000,472,139
1698475185,2023-10-28T06:39:45Z,DLH790,"6.348358,98.874344",41000,472,139
1698475219,2023-10-28T06:40:19Z,DLH790,"6.292326,98.922554",41000,470,139
1698475250,2023-10-28T06:40:50Z,DLH790,"6.241771,98.965981",40975,471,139
1698475280,2023-10-28T06:41:20Z,DLH790,"6.190796,99.009735",41000,470,139
1698475314,2023-10-28T06:41:54Z,DLH790,"6.135406,99.057297",41000,470,139
1698475345,2023-10-28T06:42:25Z,DLH790,"6.084183,99.101196",41000,470,139
1698475376,2023-10-28T06:42:56Z,DLH790,"6.032776,99.145325",41000,470,139
1698475406,2023-10-28T06:43:26Z,DLH790,"5.981873,99.18895",41000,470,139
1698475440,2023-10-28T06:44:00Z,DLH790,"5.926239,99.236755",40975,470,139
1698475471,2023-10-28T06:44:31Z,DLH790,"5.875311,99.280418",41000,468,139
1698475502,2023-10-28T06:45:02Z,DLH790,"5.824677,99.323944",41000,466,139
1698475533,2023-10-28T06:45:33Z,DLH790,"5.772757,99.368309",41025,468,139
1698475565,2023-10-28T06:46:05Z,DLH790,"5.71962,99.413841",41025,470,139
1698475599,2023-10-28T06:46:39Z,DLH790,"5.663498,99.462067",41000,470,139
1698475630,2023-10-28T06:47:10Z,DLH790,"5.612869,99.505501",41000,472,139
1698475661,2023-10-28T06:47:41Z,DLH790,"5.560822,99.550102",41000,474,139
1698475692,2023-10-28T06:48:12Z,DLH790,"5.508666,99.594666",41000,472,139
1698475723,2023-10-28T06:48:43Z,DLH790,"5.457825,99.638268",41000,471,139
1698475754,2023-10-28T06:49:14Z,DLH790,"5.406647,99.682076",41000,471,139
1698475784,2023-10-28T06:49:44Z,DLH790,"5.355882,99.725502",41000,470,139
1698475818,2023-10-28T06:50:18Z,DLH790,"5.299553,99.773758",40975,470,139
1698475849,2023-10-28T06:50:49Z,DLH790,"5.248444,99.817451",41000,472,139
1698475879,2023-10-28T06:51:19Z,DLH790,"5.198547,99.860184",41000,473,139
1698475912,2023-10-28T06:51:52Z,DLH790,"5.144069,99.906731",41025,475,139
1698475943,2023-10-28T06:52:23Z,DLH790,"5.09193,99.951294",41000,478,139
1698475973,2023-10-28T06:52:53Z,DLH790,"5.040207,99.99556",41000,476,139
1698476004,2023-10-28T06:53:24Z,DLH790,"4.98848,100.039688",41000,478,139
1698476037,2023-10-28T06:53:57Z,DLH790,"4.933868,100.086426",41000,476,139
1698476068,2023-10-28T06:54:28Z,DLH790,"4.881226,100.131348",41000,477,139
1698476098,2023-10-28T06:54:58Z,DLH790,"4.827421,100.170685",41000,478,147
1698476129,2023-10-28T06:55:29Z,DLH790,"4.767059,100.20565",41025,480,150
1698476163,2023-10-28T06:56:03Z,DLH790,"4.701416,100.242935",41000,479,149
1698476197,2023-10-28T06:56:37Z,DLH790,"4.636556,100.281021",41000,479,149
1698476227,2023-10-28T06:57:07Z,DLH790,"4.578644,100.315186",41000,481,149
1698476261,2023-10-28T06:57:41Z,DLH790,"4.514264,100.353149",41000,483,149
1698476294,2023-10-28T06:58:14Z,DLH790,"4.449044,100.391457",41000,484,149
1698476327,2023-10-28T06:58:47Z,DLH790,"4.384964,100.429237",41000,485,149
1698476361,2023-10-28T06:59:21Z,DLH790,"4.319916,100.467461",41000,489,149
1698476382,2023-10-28T06:59:42Z,DLH790,"4.276847,100.488251",41000,489,160
1698476385,2023-10-28T06:59:45Z,DLH790,"4.269608,100.49073",41000,490,162
1698476388,2023-10-28T06:59:48Z,DLH790,"4.262833,100.492783",41000,489,163
1698476391,2023-10-28T06:59:51Z,DLH790,"4.256516,100.494507",41000,489,165
1698476394,2023-10-28T06:59:54Z,DLH790,"4.249288,100.496254",41000,490,166
1698476397,2023-10-28T06:59:57Z,DLH790,"4.242737,100.497719",41000,488,167
1698476401,2023-10-28T07:00:01Z,DLH790,"4.235962,100.499115",41000,489,168
1698476404,2023-10-28T07:00:04Z,DLH790,"4.229004,100.500465",41000,489,169
1698476407,2023-10-28T07:00:07Z,DLH790,"4.221683,100.501839",41000,490,169
1698476438,2023-10-28T07:00:38Z,DLH790,"4.152413,100.513443",41000,490,172
1698476469,2023-10-28T07:01:09Z,DLH790,"4.082631,100.519836",41000,489,177
1698476500,2023-10-28T07:01:40Z,DLH790,"4.012105,100.520401",41000,480,180
1698476531,2023-10-28T07:02:11Z,DLH790,"3.944138,100.520012",41000,480,178
1698476546,2023-10-28T07:02:26Z,DLH790,"3.90955,100.523384",41000,480,168
1698476549,2023-10-28T07:02:29Z,DLH790,"3.903625,100.524666",41000,480,167
1698476552,2023-10-28T07:02:32Z,DLH790,"3.896515,100.526367",41000,480,165
1698476555,2023-10-28T07:02:35Z,DLH790,"3.889951,100.528168",41025,481,164
1698476558,2023-10-28T07:02:38Z,DLH790,"3.883987,100.529976",41025,482,162
1698476560,2023-10-28T07:02:40Z,DLH790,"3.878872,100.531624",41025,482,161
1698476564,2023-10-28T07:02:44Z,DLH790,"3.87161,100.534233",41000,482,159
1698476567,2023-10-28T07:02:47Z,DLH790,"3.865952,100.5364",41000,482,158
1698476570,2023-10-28T07:02:50Z,DLH790,"3.85932,100.5392",41000,484,156
1698476572,2023-10-28T07:02:52Z,DLH790,"3.854416,100.541428",41000,483,154
1698476576,2023-10-28T07:02:56Z,DLH790,"3.847504,100.544777",41000,483,152
1698476578,2023-10-28T07:02:58Z,DLH790,"3.841782,100.547852",41025,483,151
1698476582,2023-10-28T07:03:02Z,DLH790,"3.835998,100.55114",41025,484,149
1698476584,2023-10-28T07:03:04Z,DLH790,"3.830644,100.554451",41025,484,147
1698476588,2023-10-28T07:03:08Z,DLH790,"3.824359,100.558617",41000,485,145
1698476591,2023-10-28T07:03:11Z,DLH790,"3.818115,100.563217",41000,486,142
1698476594,2023-10-28T07:03:14Z,DLH790,"3.81328,100.567001",41000,486,140
1698476597,2023-10-28T07:03:17Z,DLH790,"3.807404,100.572014",41000,486,138
1698476600,2023-10-28T07:03:20Z,DLH790,"3.801956,100.577042",41000,487,136
1698476604,2023-10-28T07:03:24Z,DLH790,"3.796521,100.58239",41025,488,134
1698476607,2023-10-28T07:03:27Z,DLH790,"3.791819,100.587128",41025,487,134
1698476611,2023-10-28T07:03:31Z,DLH790,"3.785675,100.593475",41025,487,134
1698476614,2023-10-28T07:03:34Z,DLH790,"3.780899,100.598412",41025,488,134
1698476617,2023-10-28T07:03:37Z,DLH790,"3.775573,100.603889",41025,487,134
1698476649,2023-10-28T07:04:09Z,DLH790,"3.724598,100.65432",41025,489,135
1698476680,2023-10-28T07:04:40Z,DLH790,"3.67424,100.703247",41025,490,135
1698476710,2023-10-28T07:05:10Z,DLH790,"3.625488,100.75145",41000,491,135
1698476742,2023-10-28T07:05:42Z,DLH790,"3.573117,100.803352",41000,492,135
1698476776,2023-10-28T07:06:16Z,DLH790,"3.519104,100.856911",41000,494,135
1698476809,2023-10-28T07:06:49Z,DLH790,"3.465116,100.910324",41025,496,135
1698476839,2023-10-28T07:07:19Z,DLH790,"3.415026,100.960045",41000,495,135
1698476872,2023-10-28T07:07:52Z,DLH790,"3.361176,101.013512",41000,495,135
1698476906,2023-10-28T07:08:26Z,DLH790,"3.306419,101.067734",41000,497,135
1698476937,2023-10-28T07:08:57Z,DLH790,"3.25589,101.11779",41000,497,135
1698476967,2023-10-28T07:09:27Z,DLH790,"3.206053,101.167221",41000,494,135
1698477001,2023-10-28T07:10:01Z,DLH790,"3.150879,101.221886",41025,494,135
1698477032,2023-10-28T07:10:32Z,DLH790,"3.102997,101.269272",41000,488,135
1698477065,2023-10-28T07:11:05Z,DLH790,"3.048386,101.32341",41025,485,135
1698477095,2023-10-28T07:11:35Z,DLH790,"3.000458,101.370895",40975,487,135
1698477127,2023-10-28T07:12:07Z,DLH790,"2.951458,101.419434",41025,488,135
1698477158,2023-10-28T07:12:38Z,DLH790,"2.898622,101.471809",40975,494,135
1698477189,2023-10-28T07:13:09Z,DLH790,"2.848671,101.521294",41000,482,135
1698477223,2023-10-28T07:13:43Z,DLH790,"2.794601,101.574654",41000,481,135
1698477254,2023-10-28T07:14:14Z,DLH790,"2.746815,101.62188",41025,481,135
1698477287,2023-10-28T07:14:47Z,DLH790,"2.694443,101.673813",41000,482,135
1698477320,2023-10-28T07:15:20Z,DLH790,"2.641479,101.726273",41000,484,135
1698477353,2023-10-28T07:15:53Z,DLH790,"2.58847,101.77874",41000,484,135
1698477383,2023-10-28T07:16:23Z,DLH790,"2.541473,101.826691",41025,480,131
1698477417,2023-10-28T07:16:57Z,DLH790,"2.496552,101.883438",40975,474,125
1698477449,2023-10-28T07:17:29Z,DLH790,"2.453339,101.94149",41025,473,126
1698477483,2023-10-28T07:18:03Z,DLH790,"2.408427,102.000572",41000,474,127
1698477516,2023-10-28T07:18:36Z,DLH790,"2.364714,102.058441",40975,473,126
1698477546,2023-10-28T07:19:06Z,DLH790,"2.32457,102.111824",41000,470,126
1698477580,2023-10-28T07:19:40Z,DLH790,"2.282363,102.167923",41000,468,126
1698477612,2023-10-28T07:20:12Z,DLH790,"2.238281,102.226433",41000,471,126
1698477646,2023-10-28T07:20:46Z,DLH790,"2.194193,102.284798",41000,475,126
1698477676,2023-10-28T07:21:16Z,DLH790,"2.154484,102.337555",41025,470,126
1698477710,2023-10-28T07:21:50Z,DLH790,"2.110748,102.395561",41000,473,126
1698477742,2023-10-28T07:22:22Z,DLH790,"2.067152,102.45343",41000,477,126
1698477776,2023-10-28T07:22:56Z,DLH790,"2.022629,102.512497",41000,482,126
1698477809,2023-10-28T07:23:29Z,DLH790,"1.97731,102.572685",41000,484,126
1698477842,2023-10-28T07:24:02Z,DLH790,"1.932678,102.632042",40675,489,126
1698477874,2023-10-28T07:24:34Z,DLH790,"1.888764,102.690254",39275,486,126
1698477908,2023-10-28T07:25:08Z,DLH790,"1.844101,102.749451",38975,479,126
1698477940,2023-10-28T07:25:40Z,DLH790,"1.801025,102.806847",37475,486,126
1698477971,2023-10-28T07:26:11Z,DLH790,"1.758976,102.862717",37000,477,126
1698478005,2023-10-28T07:26:45Z,DLH790,"1.718033,102.926117",35550,486,118
1698478036,2023-10-28T07:27:16Z,DLH790,"1.6871,102.985931",35000,472,117
1698478068,2023-10-28T07:27:48Z,DLH790,"1.654001,103.047829",35000,463,118
1698478100,2023-10-28T07:28:20Z,DLH790,"1.620987,103.10627",34975,442,125
1698478104,2023-10-28T07:28:24Z,DLH790,"1.615968,103.112892",34900,441,128
1698478107,2023-10-28T07:28:27Z,DLH790,"1.611786,103.117912",34850,440,130
1698478110,2023-10-28T07:28:30Z,DLH790,"1.607775,103.122223",34800,440,131
1698478114,2023-10-28T07:28:34Z,DLH790,"1.602264,103.127686",34725,437,136
1698478117,2023-10-28T07:28:37Z,DLH790,"1.597412,103.132011",34650,437,139
1698478120,2023-10-28T07:28:40Z,DLH790,"1.592468,103.135971",34575,437,142
1698478123,2023-10-28T07:28:43Z,DLH790,"1.588595,103.138893",34525,437,144
1698478126,2023-10-28T07:28:46Z,DLH790,"1.583267,103.142532",34450,436,145
1698478129,2023-10-28T07:28:49Z,DLH790,"1.577271,103.1464",34350,436,147
1698478133,2023-10-28T07:28:53Z,DLH790,"1.571929,103.149734",34250,435,148
1698478136,2023-10-28T07:28:56Z,DLH790,"1.566788,103.152824",34150,435,148
1698478139,2023-10-28T07:28:59Z,DLH790,"1.561548,103.156036",34050,435,148
1698478141,2023-10-28T07:29:01Z,DLH790,"1.557404,103.158546",33975,435,148
1698478145,2023-10-28T07:29:05Z,DLH790,"1.551086,103.16246",33850,435,148
1698478178,2023-10-28T07:29:38Z,DLH790,"1.494965,103.198906",32875,427,146
1698478208,2023-10-28T07:30:08Z,DLH790,"1.446671,103.231216",31475,416,146
1698478242,2023-10-28T07:30:42Z,DLH790,"1.393524,103.266457",29850,400,146
1698478259,2023-10-28T07:30:59Z,DLH790,"1.365563,103.281052",29025,398,158
1698478261,2023-10-28T07:31:01Z,DLH790,"1.361069,103.282654",28925,399,160
1698478265,2023-10-28T07:31:05Z,DLH790,"1.355164,103.284569",28775,399,163
1698478267,2023-10-28T07:31:07Z,DLH790,"1.350434,103.285927",28650,400,164
1698478271,2023-10-28T07:31:11Z,DLH790,"1.344269,103.287544",28500,398,165
1698478273,2023-10-28T07:31:13Z,DLH790,"1.339122,103.288818",28375,398,166
1698478276,2023-10-28T07:31:16Z,DLH790,"1.333969,103.290009",28250,396,166
1698478279,2023-10-28T07:31:19Z,DLH790,"1.329346,103.291084",28150,394,167
1698478283,2023-10-28T07:31:23Z,DLH790,"1.322642,103.292603",28000,393,167
1698478285,2023-10-28T07:31:25Z,DLH790,"1.318359,103.293549",27900,394,167
1698478319,2023-10-28T07:31:59Z,DLH790,"1.258667,103.307327",27150,388,166
1698478349,2023-10-28T07:32:29Z,DLH790,"1.205658,103.320129",26450,382,166
1698478380,2023-10-28T07:33:00Z,DLH790,"1.153931,103.335258",25625,382,154
1698478383,2023-10-28T07:33:03Z,DLH790,"1.148987,103.337685",25525,381,152
1698478386,2023-10-28T07:33:06Z,DLH790,"1.144363,103.340195",25425,380,150
1698478389,2023-10-28T07:33:09Z,DLH790,"1.139603,103.342987",25350,380,149
1698478392,2023-10-28T07:33:12Z,DLH790,"1.135176,103.345734",25275,380,147
1698478395,2023-10-28T07:33:15Z,DLH790,"1.130893,103.348434",25200,380,147
1698478398,2023-10-28T07:33:18Z,DLH790,"1.126983,103.35099",25150,379,146
1698478401,2023-10-28T07:33:21Z,DLH790,"1.121583,103.354546",25100,378,146
1698478404,2023-10-28T07:33:24Z,DLH790,"1.117626,103.357147",25075,376,146
1698478407,2023-10-28T07:33:27Z,DLH790,"1.112831,103.360275",25050,374,146
1698478437,2023-10-28T07:33:57Z,DLH790,"1.069351,103.388832",24450,367,146
1698478457,2023-10-28T07:34:17Z,DLH790,"1.042007,103.409096",24075,362,136
1698478460,2023-10-28T07:34:20Z,DLH790,"1.038986,103.412163",24025,362,133
1698478464,2023-10-28T07:34:24Z,DLH790,"1.034996,103.416672",23975,361,129
1698478466,2023-10-28T07:34:26Z,DLH790,"1.032249,103.420128",23900,360,126
1698478470,2023-10-28T07:34:30Z,DLH790,"1.028961,103.42469",23825,361,124
1698478473,2023-10-28T07:34:33Z,DLH790,"1.026169,103.428925",23750,360,122
1698478476,2023-10-28T07:34:36Z,DLH790,"1.023239,103.433716",23675,362,120
1698478479,2023-10-28T07:34:39Z,DLH790,"1.020721,103.437958",23600,361,120
1698478481,2023-10-28T07:34:41Z,DLH790,"1.018982,103.440964",23550,361,119
1698478485,2023-10-28T07:34:45Z,DLH790,"1.01577,103.446648",23450,361,119
1698478488,2023-10-28T07:34:48Z,DLH790,"1.013396,103.450867",23400,360,119
1698478491,2023-10-28T07:34:51Z,DLH790,"1.010789,103.455505",23325,360,119
1698478525,2023-10-28T07:35:25Z,DLH790,"0.983459,103.504341",22550,356,118
1698478540,2023-10-28T07:35:40Z,DLH790,"0.973081,103.526062",22375,350,108
1698478543,2023-10-28T07:35:43Z,DLH790,"0.971545,103.531418",22350,350,103
1698478546,2023-10-28T07:35:46Z,DLH790,"0.970568,103.536293",22325,347,99
1698478549,2023-10-28T07:35:49Z,DLH790,"0.970009,103.540367",22300,346,96
1698478552,2023-10-28T07:35:52Z,DLH790,"0.969637,103.545334",22275,345,91
1698478555,2023-10-28T07:35:55Z,DLH790,"0.969683,103.551071",22250,344,87
1698478558,2023-10-28T07:35:58Z,DLH790,"0.970001,103.55513",22225,342,84
1698478561,2023-10-28T07:36:01Z,DLH790,"0.970642,103.559738",22200,341,80
1698478564,2023-10-28T07:36:04Z,DLH790,"0.971638,103.56456",22175,340,77
1698478567,2023-10-28T07:36:07Z,DLH790,"0.972895,103.56916",22150,339,73
1698478570,2023-10-28T07:36:10Z,DLH790,"0.974199,103.57309",22125,338,70
1698478573,2023-10-28T07:36:13Z,DLH790,"0.976107,103.578056",22100,336,68
1698478576,2023-10-28T07:36:16Z,DLH790,"0.978104,103.582779",22075,335,66
1698478579,2023-10-28T07:36:19Z,DLH790,"0.979925,103.58696",22050,333,66
1698478582,2023-10-28T07:36:22Z,DLH790,"0.98172,103.59111",22000,332,66
1698478585,2023-10-28T07:36:25Z,DLH790,"0.983416,103.595062",22000,330,66
1698478588,2023-10-28T07:36:28Z,DLH790,"0.985291,103.599442",21975,329,67
1698478591,2023-10-28T07:36:31Z,DLH790,"0.986847,103.603264",21950,328,67
1698478624,2023-10-28T07:37:04Z,DLH790,"1.004059,103.649162",21475,318,70
1698478655,2023-10-28T07:37:35Z,DLH790,"1.019773,103.692184",20900,315,69
1698478688,2023-10-28T07:38:08Z,DLH790,"1.036392,103.736275",20250,313,69
1698478722,2023-10-28T07:38:42Z,DLH790,"1.054001,103.782585",19725,305,69
1698478752,2023-10-28T07:39:12Z,DLH790,"1.068979,103.821938",19175,296,69
1698478785,2023-10-28T07:39:45Z,DLH790,"1.084671,103.863533",18175,292,69
1698478813,2023-10-28T07:40:13Z,DLH790,"1.095474,103.898773",17275,289,79
1698478816,2023-10-28T07:40:16Z,DLH790,"1.096166,103.902679",17150,290,80
1698478818,2023-10-28T07:40:18Z,DLH790,"1.096724,103.905945",17075,290,80
1698478822,2023-10-28T07:40:22Z,DLH790,"1.097672,103.911346",16925,290,79
1698478856,2023-10-28T07:40:56Z,DLH790,"1.105895,103.954956",15950,283,79
1698478889,2023-10-28T07:41:29Z,DLH790,"1.113948,103.996674",15200,267,78
1698478919,2023-10-28T07:41:59Z,DLH790,"1.121304,104.032997",14300,266,78
1698478953,2023-10-28T07:42:33Z,DLH790,"1.129349,104.074745",13250,274,79
1698478987,2023-10-28T07:43:07Z,DLH790,"1.137497,104.116264",12700,269,77
1698478996,2023-10-28T07:43:16Z,DLH790,"1.140995,104.126953",12550,266,65
1698478999,2023-10-28T07:43:19Z,DLH790,"1.142811,104.130455",12500,265,59
1698479002,2023-10-28T07:43:22Z,DLH790,"1.145045,104.133675",12450,264,52
1698479005,2023-10-28T07:43:25Z,DLH790,"1.146927,104.135956",12425,264,48
1698479009,2023-10-28T07:43:29Z,DLH790,"1.149857,104.138802",12350,263,41
1698479010,2023-10-28T07:43:30Z,DLH790,"1.151321,104.140053",12300,264,39
1698479016,2023-10-28T07:43:36Z,DLH790,"1.157475,104.143951",12175,263,33
1698479024,2023-10-28T07:43:44Z,DLH790,"1.166748,104.147827",11975,217,20
1698479028,2023-10-28T07:43:48Z,DLH790,"1.171326,104.14946",11900,210,20
1698479034,2023-10-28T07:43:54Z,DLH790,"1.179401,104.152283",11775,267,19
1698479036,2023-10-28T07:43:56Z,DLH790,"1.180611,104.15271",11750,266,19
1698479041,2023-10-28T07:44:01Z,DLH790,"1.187408,104.15522",11675,266,20
1698479044,2023-10-28T07:44:04Z,DLH790,"1.189782,104.15612",11625,266,20
1698479061,2023-10-28T07:44:21Z,DLH790,"1.209474,104.164078",11350,263,23
1698479076,2023-10-28T07:44:36Z,DLH790,"1.226372,104.171272",11100,260,23
1698479090,2023-10-28T07:44:50Z,DLH790,"1.24206,104.178001",10875,258,23
1698479107,2023-10-28T07:45:07Z,DLH790,"1.260681,104.185913",10575,256,23
1698479122,2023-10-28T07:45:22Z,DLH790,"1.276703,104.192657",10375,253,22
1698479138,2023-10-28T07:45:38Z,DLH790,"1.294152,104.199875",10125,250,22
1698479153,2023-10-28T07:45:53Z,DLH790,"1.310678,104.206314",9825,252,17
1698479159,2023-10-28T07:45:59Z,DLH790,"1.317581,104.207832",9700,254,7
1698479161,2023-10-28T07:46:01Z,DLH790,"1.320594,104.208115",9650,254,4
1698479165,2023-10-28T07:46:05Z,DLH790,"1.325249,104.20826",9550,256,359
1698479168,2023-10-28T07:46:08Z,DLH790,"1.328694,104.208069",9500,257,356
1698479171,2023-10-28T07:46:11Z,DLH790,"1.33223,104.207787",9450,257,354
1698479174,2023-10-28T07:46:14Z,DLH790,"1.335938,104.207367",9400,257,353
1698479178,2023-10-28T07:46:18Z,DLH790,"1.339634,104.206886",9350,257,352
1698479181,2023-10-28T07:46:21Z,DLH790,"1.34317,104.206436",9300,256,351
1698479184,2023-10-28T07:46:24Z,DLH790,"1.346756,104.205887",9250,256,351
1698479186,2023-10-28T07:46:26Z,DLH790,"1.35022,104.205414",9200,255,351
1698479189,2023-10-28T07:46:29Z,DLH790,"1.353832,104.204895",9125,255,351
1698479193,2023-10-28T07:46:33Z,DLH790,"1.357864,104.204346",9050,254,351
1698479208,2023-10-28T07:46:48Z,DLH790,"1.375854,104.201782",8700,252,352
1698479224,2023-10-28T07:47:04Z,DLH790,"1.393433,104.199318",8375,250,352
1698479239,2023-10-28T07:47:19Z,DLH790,"1.411148,104.196846",8075,247,351
1698479254,2023-10-28T07:47:34Z,DLH790,"1.428497,104.19429",7725,246,351
1698479266,2023-10-28T07:47:46Z,DLH790,"1.441727,104.192238",7350,243,351
1698479278,2023-10-28T07:47:58Z,DLH790,"1.454897,104.18927",7000,242,340
1698479281,2023-10-28T07:48:01Z,DLH790,"1.458252,104.187866",6875,243,335
1698479284,2023-10-28T07:48:04Z,DLH790,"1.461456,104.186188",6750,244,331
1698479288,2023-10-28T07:48:08Z,DLH790,"1.464533,104.184395",6650,245,327
1698479291,2023-10-28T07:48:11Z,DLH790,"1.467513,104.182449",6525,246,325
1698479294,2023-10-28T07:48:14Z,DLH790,"1.470291,104.180466",6425,247,324
1698479297,2023-10-28T07:48:17Z,DLH790,"1.473285,104.178238",6325,246,323
1698479300,2023-10-28T07:48:20Z,DLH790,"1.476059,104.176132",6225,246,322
1698479303,2023-10-28T07:48:23Z,DLH790,"1.478592,104.17421",6150,245,322
1698479306,2023-10-28T07:48:26Z,DLH790,"1.481758,104.171745",6025,245,321
1698479309,2023-10-28T07:48:29Z,DLH790,"1.484528,104.169617",5925,245,321
1698479312,2023-10-28T07:48:32Z,DLH790,"1.48732,104.167473",5825,245,321
1698479328,2023-10-28T07:48:48Z,DLH790,"1.500937,104.156929",5300,244,322
1698479343,2023-10-28T07:49:03Z,DLH790,"1.514437,104.146599",4825,242,321
1698479349,2023-10-28T07:49:09Z,DLH790,"1.519867,104.141777",4650,241,314
1698479352,2023-10-28T07:49:12Z,DLH790,"1.522025,104.139359",4575,241,309
1698479355,2023-10-28T07:49:15Z,DLH790,"1.524033,104.136612",4475,241,304
1698479358,2023-10-28T07:49:18Z,DLH790,"1.525982,104.133293",4375,242,298
1698479361,2023-10-28T07:49:21Z,DLH790,"1.527426,104.130409",4300,243,294
1698479364,2023-10-28T07:49:24Z,DLH790,"1.528748,104.127441",4250,243,292
1698479367,2023-10-28T07:49:27Z,DLH790,"1.529753,104.124817",4200,243,290
1698479371,2023-10-28T07:49:31Z,DLH790,"1.531219,104.120781",4150,240,289
1698479373,2023-10-28T07:49:33Z,DLH790,"1.53222,104.11795",4125,238,288
1698479377,2023-10-28T07:49:37Z,DLH790,"1.533431,104.114403",4075,234,288
1698479380,2023-10-28T07:49:40Z,DLH790,"1.534455,104.111275",4050,231,288
1698479382,2023-10-28T07:49:42Z,DLH790,"1.535339,104.108681",4025,230,288
1698479385,2023-10-28T07:49:45Z,DLH790,"1.536363,104.105637",3975,227,288
1698479389,2023-10-28T07:49:49Z,DLH790,"1.537388,104.10247",3950,224,288
1698479392,2023-10-28T07:49:52Z,DLH790,"1.538498,104.099182",3925,221,288
1698479401,2023-10-28T07:50:01Z,DLH790,"1.541473,104.09034",3850,209,288
1698479410,2023-10-28T07:50:10Z,DLH790,"1.544174,104.082283",3700,201,287
1698479413,2023-10-28T07:50:13Z,DLH790,"1.544952,104.079582",3650,198,283
1698479417,2023-10-28T07:50:17Z,DLH790,"1.545456,104.076881",3575,198,278
1698479420,2023-10-28T07:50:20Z,DLH790,"1.545627,104.073814",3500,197,268
1698479423,2023-10-28T07:50:23Z,DLH790,"1.545302,104.071167",3450,196,259
1698479425,2023-10-28T07:50:25Z,DLH790,"1.544586,104.068695",3375,195,249
1698479429,2023-10-28T07:50:29Z,DLH790,"1.54335,104.066086",3325,196,240
1698479432,2023-10-28T07:50:32Z,DLH790,"1.541624,104.063637",3225,197,232
1698479435,2023-10-28T07:50:35Z,DLH790,"1.539825,104.061661",3150,198,226
1698479438,2023-10-28T07:50:38Z,DLH790,"1.537807,104.059845",3100,198,219
1698479441,2023-10-28T07:50:41Z,DLH790,"1.535339,104.058098",3025,199,214
1698479444,2023-10-28T07:50:44Z,DLH790,"1.533234,104.056725",2975,200,211
1698479447,2023-10-28T07:50:47Z,DLH790,"1.530358,104.055161",2900,198,207
1698479450,2023-10-28T07:50:50Z,DLH790,"1.527786,104.053886",2875,198,205
1698479453,2023-10-28T07:50:53Z,DLH790,"1.525331,104.052742",2850,198,204
1698479456,2023-10-28T07:50:56Z,DLH790,"1.52298,104.051697",2850,198,204
1698479459,2023-10-28T07:50:59Z,DLH790,"1.520828,104.05072",2825,198,204
1698479462,2023-10-28T07:51:02Z,DLH790,"1.517944,104.049469",2800,197,203
1698479466,2023-10-28T07:51:06Z,DLH790,"1.514903,104.048103",2750,196,203
1698479469,2023-10-28T07:51:09Z,DLH790,"1.512497,104.047043",2725,196,204
1698479472,2023-10-28T07:51:12Z,DLH790,"1.510062,104.045975",2700,196,204
1698479481,2023-10-28T07:51:21Z,DLH790,"1.502567,104.042656",2650,192,203
1698479490,2023-10-28T07:51:30Z,DLH790,"1.495102,104.03936",2550,190,203
1698479499,2023-10-28T07:51:39Z,DLH790,"1.487763,104.036171",2400,188,203
1698479506,2023-10-28T07:51:46Z,DLH790,"1.482376,104.033821",2300,186,203
1698479515,2023-10-28T07:51:55Z,DLH790,"1.475147,104.030724",2150,181,203
1698479524,2023-10-28T07:52:04Z,DLH790,"1.468185,104.027817",2025,177,202
1698479533,2023-10-28T07:52:13Z,DLH790,"1.461135,104.024902",1875,173,202
1698479542,2023-10-28T07:52:22Z,DLH790,"1.454453,104.022141",1750,168,202
1698479551,2023-10-28T07:52:31Z,DLH790,"1.448181,104.019531",1600,164,202
1698479560,2023-10-28T07:52:40Z,DLH790,"1.441956,104.01683",1500,158,203
1698479570,2023-10-28T07:52:50Z,DLH790,"1.435638,104.014175",1375,155,203
1698479579,2023-10-28T07:52:59Z,DLH790,"1.429759,104.011688",1250,152,203
1698479588,2023-10-28T07:53:08Z,DLH790,"1.423737,104.009201",1125,151,202
1698479597,2023-10-28T07:53:17Z,DLH790,"1.417831,104.006638",1025,150,203
1698479606,2023-10-28T07:53:26Z,DLH790,"1.412302,104.004257",900,149,203
1698479615,2023-10-28T07:53:35Z,DLH790,"1.406204,104.001656",775,148,203
1698479624,2023-10-28T07:53:44Z,DLH790,"1.400757,103.999374",675,147,202
1698479633,2023-10-28T07:53:53Z,DLH790,"1.394798,103.996864",550,145,203
1698479643,2023-10-28T07:54:03Z,DLH790,"1.389026,103.994453",450,144,202
1698479652,2023-10-28T07:54:12Z,DLH790,"1.383499,103.992111",350,143,202
1698479661,2023-10-28T07:54:21Z,DLH790,"1.378598,103.989998",250,144,202
1698479669,2023-10-28T07:54:29Z,DLH790,"1.372742,103.987549",125,146,203
1698479679,2023-10-28T07:54:39Z,DLH790,"1.366882,103.985039",100,132,203
1698479696,2023-10-28T07:54:56Z,DLH790,"1.359592,103.981987",0,61,202
1698479705,2023-10-28T07:55:05Z,DLH790,"1.357944,103.981316",0,38,199
1698479707,2023-10-28T07:55:07Z,DLH790,"1.35758,103.981201",0,36,196
1698479708,2023-10-28T07:55:08Z,DLH790,"1.357327,103.981163",0,35,191
1698479710,2023-10-28T07:55:10Z,DLH790,"1.356972,103.981125",0,34,185
1698479713,2023-10-28T07:55:13Z,DLH790,"1.356567,103.981133",0,32,180
1698479715,2023-10-28T07:55:15Z,DLH790,"1.356205,103.981163",0,31,177
1698479718,2023-10-28T07:55:18Z,DLH790,"1.35585,103.981194",0,30,174
1698479720,2023-10-28T07:55:20Z,DLH790,"1.355541,103.981239",0,29,171
1698479723,2023-10-28T07:55:23Z,DLH790,"1.355229,103.981285",0,28,174
1698479725,2023-10-28T07:55:25Z,DLH790,"1.3549,103.981316",0,27,174
1698479728,2023-10-28T07:55:28Z,DLH790,"1.354612,103.981354",0,26,171
1698479730,2023-10-28T07:55:30Z,DLH790,"1.354271,103.981392",0,26,171
1698479735,2023-10-28T07:55:35Z,DLH790,"1.353751,103.981392",0,25,182
1698479737,2023-10-28T07:55:37Z,DLH790,"1.35346,103.981331",0,24,188
1698479740,2023-10-28T07:55:40Z,DLH790,"1.35323,103.981255",0,24,196
1698479742,2023-10-28T07:55:42Z,DLH790,"1.352994,103.981148",0,24,202
1698479745,2023-10-28T07:55:45Z,DLH790,"1.35268,103.98101",0,24,202
1698479747,2023-10-28T07:55:47Z,DLH790,"1.35244,103.980904",0,25,202
1698479749,2023-10-28T07:55:49Z,DLH790,"1.3522,103.980804",0,25,202
1698479752,2023-10-28T07:55:52Z,DLH790,"1.351913,103.980682",0,25,202
1698479755,2023-10-28T07:55:55Z,DLH790,"1.351551,103.980537",0,25,202
1698479757,2023-10-28T07:55:57Z,DLH790,"1.35133,103.980446",0,25,202
1698479764,2023-10-28T07:56:04Z,DLH790,"1.350678,103.980164",0,21,202
1698479834,2023-10-28T07:57:14Z,DLH790,"1.347036,103.982445",0,0,112
1698479842,2023-10-28T07:57:22Z,DLH790,"1.346733,103.983154",0,20,112
1698479849,2023-10-28T07:57:29Z,DLH790,"1.346478,103.983734",0,19,112
1698479857,2023-10-28T07:57:37Z,DLH790,"1.346203,103.984383",0,19,112
1698479867,2023-10-28T07:57:47Z,DLH790,"1.345825,103.985268",0,20,112
1698479881,2023-10-28T07:58:01Z,DLH790,"1.34531,103.986465",0,19,112
1698479888,2023-10-28T07:58:08Z,DLH790,"1.34507,103.987038",0,19,112
1698479940,2023-10-28T07:59:00Z,DLH790,"1.345045,103.989914",0,12,22
1698479956,2023-10-28T07:59:16Z,DLH790,"1.346011,103.990334",0,15,22
